Where do you use JavaScript?,"Other than JavaScript, what are your primary development languages?"
At work;Side projects,C/C++/Objective-C;Ruby;Clojure;Go
At work,C/C++/Objective-C;Ruby;Scala;Haskell
At work;Side projects,C/C++/Objective-C;Python
Side projects,
At work;Side projects,
At work;Side projects,PHP
At work,C/C++/Objective-C;Perl
At work;Side projects,C/C++/Objective-C;Python;PHP
At work;Side projects,C/C++/Objective-C;Python;Ruby;Clojure;Go
At work;Side projects,Ruby
At work;Side projects,C/C++/Objective-C;Python;PHP
At work;Side projects;Games,
At work;Side projects,Python;Perl;PHP
At work;Side projects,Ruby
At work;Side projects,
At work;Side projects,Scala
At work;Side projects,Python
At work;Side projects,PHP
Side projects,Java
At work,
At work;Side projects,
At work;Side projects,Ruby;PHP
At work;Side projects,C/C++/Objective-C;Python;Ruby;PHP
,
At work;Side projects,Python
At work;Side projects,Ruby
At work;Side projects,Perl;bash
At work;Side projects,C/C++/Objective-C;C#/.Net
At work;Side projects,Python;Ruby;Go
At work,Java
At work;Side projects,C/C++/Objective-C;Java
At work;Side projects,
,
At work;Side projects,Python;Lisp;Clojure
At work;Side projects,Python
At work;Side projects,Python
At work;Side projects,
At work;Side projects,C/C++/Objective-C;Go
At work;Side projects,C/C++/Objective-C;Ruby
At work;Side projects,PHP
At work;Side projects,C#/.Net;Ruby
At work;Side projects,C#/.Net;Java;PHP
At work;Side projects,PHP
At work;Side projects,C/C++/Objective-C;C#/.Net
At work;Side projects,Python;bash
At work;Side projects,Python;Lisp
,n/a
At work,
At work;Side projects,
Side projects,
At work;Side projects,Java
At work;Side projects,C#/.Net;Ruby
At work;Side projects,C/C++/Objective-C;Java;PHP
At work;Research,C#/.Net;R
Side projects,
At work;Side projects,Perl
At work;Side projects,PHP
At work;Side projects,Python;Clojure;Factor
At work;Side projects,
At work;Side projects,Java
At work;Side projects,Java;Ruby
At work;Side projects,Java;Ruby
Side projects,Python
At work;Side projects,C#/.Net;Python;Scala;Rust
At work;Open Source Contributions,C/C++/Objective-C;Scala;Perl;PHP
At work,Ruby
At work;Side projects,C#/.Net
At work;Side projects,Java
At work;Side projects,Ruby
At work;Side projects,C#/.Net
At work,
At work;Side projects,C#/.Net
Side projects,C/C++/Objective-C;Java;PHP
At work;Side projects,PHP
At work;Side projects,Python
Side projects,Python;Ruby;PHP
At work,C/C++/Objective-C;C#/.Net;PHP
At work;Side projects,Java
Side projects,C#/.Net
At work;Side projects,Ruby;Go;PHP
At work;Side projects,PHP
At work;Side projects,
At work;Side projects,Java
At work;Side projects,C/C++/Objective-C
At work;Side projects,Ruby
At work;Side projects,Java;Ruby
At work;Side projects,C#/.Net
At work;Side projects,
At work,PHP
At work;Side projects,
At work;Side projects;Personal Projects,C/C++/Objective-C;Python
At work;Side projects,Python;Go
At work,
At work;Side projects,
At work;Side projects,Java
At work,PHP
At work;Side projects,Python
At work,C/C++/Objective-C;Python;PHP
At work;Side projects,PHP
At work;Side projects,Python
At work;Side projects,Java
At work;Side projects,
At work;Side projects,
At work;Side projects,Python;PHP
,PHP
At work;Side projects,Ruby;PHP
At work;Side projects,Java;Ruby
At work;Side projects,Java;PHP
At work;Side projects,Python
Side projects,C#/.Net
At work,C#/.Net
At work;Side projects,Ruby;PHP
At work;Side projects,HTML CSS
At work;Side projects,PHP
At work;Side projects,
At work,PHP
At work;Side projects,Python
At work,PHP
At work;Side projects,C#/.Net;Java;PLSQL
At work;Side projects,Python;Go;Latex
At work;Side projects,C/C++/Objective-C
At work;Side projects,Java
At work;Side projects,Python;Java;Perl;PHP
At work,
At work;Side projects,Ruby
,C/C++/Objective-C;Ruby
At work;Side projects,C/C++/Objective-C;Go
At work;Side projects,C/C++/Objective-C;PHP
At work;Side projects,Ruby;Go
At work;Side projects,PHP
At work;Side projects,
Side projects,C/C++/Objective-C;Python;Java;Clojure;Scala
At work;Side projects,Python;Ruby
At work;Side projects,PHP
At work,
At work;Side projects,Python;PHP
At work;Side projects,PHP
At work,
At work;Side projects,Python
At work;Side projects,Python;Java
At work;Side projects,Ruby
At work;Side projects,Java
At work;Side projects,
At work;Side projects,C#/.Net;Java;Scala
At work;Side projects,PHP
At work;Side projects,Python;Java
At work;Side projects,C/C++/Objective-C;Python;Lisp;Go;PHP
At work;Side projects,Java
At work;Side projects,C#/.Net
At work;Side projects,Shell
At work;Side projects,
At work,C#/.Net;ActionScript
Side projects,C/C++/Objective-C;PHP
At work;Side projects,C/C++/Objective-C;Java
At work,C#/.Net
At work,Java;Perl
Side projects,C/C++/Objective-C;Python;PHP
At work;Side projects,C#/.Net
At work,Python;Scala
At work,C#/.Net
At work;Side projects,C#/.Net
At work;Side projects,C/C++/Objective-C;Java;Go;Scala
At work;Side projects,C/C++/Objective-C;C#/.Net
At work;Side projects,Java;PHP
At work;Side projects,PHP
At work;Side projects,PHP
Side projects,Python;Java;Ruby;Visual Basic FTW!!
At work;Side projects,PHP
At work,Python;Java
At work;Side projects,Java;Go
At work;Side projects,C#/.Net
At work;Side projects,Java;PHP
At work;Side projects,Ruby
Side projects;uni,PHP
At work;Side projects,Java
At work;Side projects,Ruby;PHP
At work;Side projects,PHP
At work;Side projects,Java
At work;Side projects,Java
At work;Side projects,Java;Scala
At work,
Side projects,C/C++/Objective-C;Python;Java
At work;Side projects,PHP
At work;Side projects,Python
At work;Side projects,C#/.Net;Java
At work;Side projects,C/C++/Objective-C;C#/.Net;Java;PHP
At work;Side projects,C/C++/Objective-C;C#/.Net;Java;Scala
At work,Perl;PHP
At work;Side projects,
At work,Java
At work;Side projects,PHP
At work;Side projects,Python;PHP
At work;Side projects,Ruby;Go
At work;Side projects,C#/.Net;Python;Java
At work,C#/.Net
At work,Java
At work;Side projects,C/C++/Objective-C;Python;Java
At work;Side projects,PHP
At work;Side projects,Python;Java;Scala
At work;Side projects,PHP
At work;Side projects,C/C++/Objective-C;Ruby;Go;PHP
At work;Side projects,Python;Go
At work;Side projects,PHP
At work;Side projects,Ruby
At work,C#/.Net;Java
At work;Side projects,Python
At work,C/C++/Objective-C;PHP
At work,Java
At work;Side projects,C#/.Net
At work;Side projects,C/C++/Objective-C;Python;Java
At work;Side projects,PHP
At work;Side projects,Python;Java;PHP
At work,Java;Lotusscript
At work;Side projects,Java;Groovy
At work;Side projects,Python;Ruby;Go;PHP
At work;Side projects,C#/.Net;PHP
At work;Side projects,
At work;Side projects,PHP
At work,Ruby
At work;Side projects,PHP
At work;Side projects,PHP
At work;Side projects,Ruby
At work;Side projects,PHP
At work;Side projects,C#/.Net;PHP
At work;Side projects,
At work;Side projects,C/C++/Objective-C;Python
At work;Side projects,Java
At work;Side projects,PHP
At work;Side projects,C#/.Net;PHP
At work;Side projects,C/C++/Objective-C;Java;PHP
At work;Side projects,
At work;Side projects,PHP
At work;Side projects,PHP;haskell
At work;Side projects,Python;Clojure;Scala
At work;Side projects,C/C++/Objective-C;Java
At work;Side projects,C#/.Net
At work;Side projects,Python
At work,C/C++/Objective-C;PHP
At work;Side projects,Ruby
At work;Side projects,Python
At work,PHP
At work;Side projects,PHP
At work;Side projects,C#/.Net;Ruby
At work;Side projects,C/C++/Objective-C;Java
At work;Side projects,C/C++/Objective-C;C#/.Net
At work,C#/.Net;Java
At work;Side projects,C/C++/Objective-C;PHP
At work;Side projects,C#/.Net
At work;Side projects,Java;PHP
At work;Side projects,
At work;Side projects,Python
At work;Side projects,Java
At work;Side projects,C#/.Net;Java;PHP
At work;Side projects,
At work,PHP
At work;Side projects,PHP
At work;Side projects,
At work;Side projects,C/C++/Objective-C;Java
At work;Side projects,C#/.Net
At work;Side projects,C/C++/Objective-C;C#/.Net;Python;PHP
At work;Side projects,
At work;Side projects,C#/.Net
Side projects,C/C++/Objective-C;Python;Java;Clojure
At work;Side projects,Java
At work;Side projects,C#/.Net
At work,Python
At work,
,
At work;Side projects;Open Source Contribution,C/C++/Objective-C;Ruby;Clojure
At work,Ruby
At work;Side projects,Ruby
At work;Side projects,C#/.Net;Python;Ruby;PHP
At work;Side projects,
At work;Side projects,
At work;Side projects,Java;Ruby
At work,C/C++/Objective-C;C#/.Net;Java
At work;Side projects,C#/.Net;Python
At work;Side projects,C/C++/Objective-C;PHP
At work,C#/.Net
At work;Side projects,PHP
At work;Side projects,Java;Ruby
At work,C/C++/Objective-C;Java
At work;Side projects,Python;Go;PHP
At work;Side projects,
At work;Side projects,Python
At work;Side projects,C#/.Net
At work;Side projects,C/C++/Objective-C;Java;Ruby
At work;Side projects,C/C++/Objective-C;Java;PHP
At work;Side projects,PHP
At work;Side projects,
At work;Side projects,Python;Java
At work;Side projects,C/C++/Objective-C;Ruby
At work;Side projects,PHP
At work;Side projects,C/C++/Objective-C;Java
At work;Side projects;School,PHP
At work,Java
At work;Side projects,PHP
At work;Side projects,Ruby;PHP
At work;Side projects,
At work;Side projects,PHP
At work;Side projects,PHP
At work;Side projects,C/C++/Objective-C
At work;Side projects,Python
At work;Side projects,C/C++/Objective-C;Python;Java;Lisp
At work;Side projects,C/C++/Objective-C;Java;PHP
At work;Side projects,
At work;Side projects,C/C++/Objective-C;C#/.Net;Python;Java
At work;Side projects,Python
At work;Side projects,PHP
At work;Side projects,PHP
At work;Side projects,Java
At work;Side projects,
At work;Side projects,PHP
At work,PHP
At work;Side projects,C/C++/Objective-C;Java;PHP
At work;Side projects,Python
At work;Side projects,PHP
At work,PHP
At work;Side projects,C#/.Net;PHP
At work;Side projects,Python
At work;Side projects,PHP
,
At work;Side projects,Java
At work;Side projects,Java
At work;Side projects,Ruby;PHP
At work;Side projects,C/C++/Objective-C;C#/.Net;Perl;PHP
At work,C#/.Net
At work;Side projects,Python;PHP
At work;Side projects,C/C++/Objective-C;C#/.Net;Java
At work,PHP
At work,C#/.Net
At work;Side projects,Ruby;PHP
At work;Side projects,C/C++/Objective-C
At work;Side projects,C/C++/Objective-C;C#/.Net;Python;PHP
At work,PHP
At work;Side projects,C#/.Net;Python
At work;Side projects,
At work,C#/.Net;Actionscript
At work;Side projects,C#/.Net
At work;Side projects,C#/.Net;PHP
At work;Side projects,PHP;Delphi
At work;Side projects,Ruby
At work,PHP
At work;Side projects,
,C/C++/Objective-C
At work;Side projects,
At work;Side projects,C#/.Net
At work;Side projects,Ruby
At work,C/C++/Objective-C;Python;Ruby
At work;Side projects,PHP
At work,PHP
At work;Side projects,Java
At work;Side projects,C#/.Net;Python;Erlang
At work;Side projects,Java;Ruby;Clojure;Go
At work,Java;PHP
At work,C#/.Net;Ruby
At work;Side projects,C/C++/Objective-C;PHP
Side projects,C#/.Net
At work;Side projects,
At work;Side projects,
At work;Side projects,Python;Ruby;haskell
At work;Side projects,Java;PHP
At work;Side projects,C#/.Net
At work;Side projects,C#/.Net;Python;Java
At work;Side projects,C#/.Net
At work;Side projects,PHP
At work;Side projects,PHP
At work;Side projects,Python;Java;Ruby
At work;Side projects,Ruby;PHP
At work;Side projects,
At work;Side projects,Python;Java;PHP
At work;Side projects,C#/.Net;Java
At work,Java;PHP
At work;Side projects,C#/.Net;Ruby
At work,
At work;Side projects,Clojure
At work;Side projects,C#/.Net;PHP
Side projects,C#/.Net
At work,C/C++/Objective-C;Perl;f#
At work;Side projects,Java;PHP;ColdFusion
At work;Side projects,PHP
At work,PHP
At work;Side projects,C/C++/Objective-C;Java;PHP
At work;Side projects,C/C++/Objective-C;Python;Java
At work;Side projects,
At work,PHP
At work;Side projects,PHP
At work,C#/.Net
At work;Side projects,C#/.Net
At work,js NOW IS primary!
At work;Side projects,Ruby
Side projects,Python
,PHP
At work;Side projects,C/C++/Objective-C;Python;Java;PHP
,C#/.Net
At work;Side projects,Java;Ruby;Scala
At work;Side projects,Python;Perl
Side projects,C#/.Net
At work;Side projects,C/C++/Objective-C;C#/.Net;Python
At work;Side projects,Ruby;PHP
Side projects,PHP
At work;Side projects,PHP
At work;Side projects;teaching,Scala
At work,Python
At work;Side projects,PHP
At work;Side projects,Ruby
At work,C/C++/Objective-C;Python;Java;Erlang
At work;Side projects,C#/.Net;PHP
At work;Side projects,Ruby
At work;Side projects,Ruby
At work;Side projects,PHP
At work,Ruby
At work;Side projects,Python;Java
At work;Side projects,C#/.Net
At work;Side projects,Perl;PHP
At work;Side projects,
At work;Side projects,Ruby
At work;Side projects,Java
At work;Side projects,C#/.Net
At work;Side projects,PHP
At work;Side projects,C/C++/Objective-C;Python;Java;PHP
At work;Side projects,Java;Scala
At work;Side projects,C/C++/Objective-C;Java
At work,Ruby
Side projects,C/C++/Objective-C
At work;Side projects,Python;PHP
At work;Side projects,Go
At work,Progress
At work;Side projects,Ruby;PHP
At work;Side projects,PHP
At work;Side projects,
At work;Side projects,PHP
Side projects,
Side projects,C/C++/Objective-C;Python
At work;Side projects,PHP
At work;Side projects,Ruby;PHP
At work;Side projects,Java
At work;Side projects,Python;Java;Ruby
At work;Side projects,C/C++/Objective-C;Python;Java;Go
,
At work;Side projects,PHP
At work;Side projects,C/C++/Objective-C;C#/.Net;PHP
At work;Side projects,C#/.Net;Java;PHP
At work;Side projects,PHP;Apex
At work;Side projects,PHP
At work;Side projects,Python;Ruby;PHP
At work,Javascript
At work;Side projects,
At work;Side projects,C#/.Net
At work;Side projects,C#/.Net;Java
At work,Python
At work;Side projects,C/C++/Objective-C;Perl
At work;Side projects,
At work;Side projects,C/C++/Objective-C;Python;PHP
At work;Side projects,Python
At work;Side projects,Java;PHP
At work;Side projects,Ruby;PHP
At work;Side projects,
At work;Side projects,PHP
At work;Side projects,Python;Java;Ruby;Groovy
At work;Side projects,Ruby
At work,PHP
At work;Side projects,
At work;Side projects;For fun,PHP
At work,Python;Ruby
Side projects,
At work,C#/.Net
Side projects,Haskell
At work;Side projects,Java
At work;Side projects,Scala
At work;Side projects,C/C++/Objective-C;Ruby;PHP
At work;Side projects,C#/.Net
,
At work;Side projects,Ruby;PHP
At work;Side projects,
Side projects,PHP
At work;Side projects,C#/.Net;PHP
At work;Side projects,C#/.Net;Java
At work;Side projects;Research,"C/C++/Objective-C;Python;MATLAB, FORTRAN"
At work;Side projects,C#/.Net
At work;Side projects,PHP
At work;Side projects,
At work;Side projects,
At work,C/C++/Objective-C;Perl
At work,Ruby
At work;Side projects,PHP
At work,C#/.Net
At work;Side projects,PHP
At work;Side projects,Java
At work;Side projects,C/C++/Objective-C;Python;Java;PHP
At work;Side projects,Ruby
At work;Side projects,C/C++/Objective-C;C#/.Net;Java;PHP
At work;Side projects,Ruby
Side projects,Java;PHP
At work,C/C++/Objective-C;C#/.Net
At work;Side projects,C#/.Net
At work;Side projects,Ruby;PHP
At work,Java
At work;Side projects,C/C++/Objective-C;Java;Ruby;PHP
At work;Side projects,PHP
At work;Side projects,ActionScript 3
At work;Side projects,
At work;Side projects,C#/.Net;Ruby;PHP
At work;Side projects,C#/.Net;PHP
At work;Side projects,Java;Ruby;PHP
At work;Side projects,PHP
At work,
At work;Side projects,PHP
At work,C/C++/Objective-C;Python;Java;Ruby;Clojure;PHP
At work;Side projects,PHP
At work;Side projects,Python;Ruby;PHP
At work;Side projects,Java
At work;Side projects;School,C#/.Net;PHP
At work;Side projects,
At work;Side projects,
At work;Side projects,Java;Scala
At work;Side projects,C#/.Net
At work;Side projects,PHP
At work;Side projects,C/C++/Objective-C;PHP
At work;Side projects,C#/.Net
At work;Side projects,PHP
At work,C/C++/Objective-C
At work;Side projects,Python;PHP
At work;Side projects,PHP
At work;Side projects,C#/.Net;PHP
At work;Side projects,C/C++/Objective-C;Python;Java
At work;Side projects,PHP
At work;Side projects,PHP
At work;Side projects;In my sleep.,Python;PHP
At work;Side projects,Python;Java;PHP
At work;Side projects,C/C++/Objective-C;C#/.Net;Python;Java;Ruby;Go;Scala;PHP
At work;Side projects,PHP
At work,C/C++/Objective-C;Java;Ruby;PHP
At work;Side projects,Ruby;Go;PHP
At work;Side projects,Lisp;Clojure
At work;Side projects,C#/.Net
At work;Side projects,C#/.Net
At work;Side projects,C/C++/Objective-C;Java
At work;Side projects,Python;Go
At work,C#/.Net;Python
At work;Side projects,Python;Ruby;PHP
At work;Side projects,C/C++/Objective-C;C#/.Net;Java
At work,Java
At work;Side projects,Python
At work;Side projects,
At work;Side projects,Python;Java;PHP
At work;Side projects,Java
At work,PHP
At work;Side projects,C#/.Net
At work;Side projects,Ruby;PHP
At work;Side projects,Ruby;PHP
Side projects,Java
At work;Side projects,PHP
At work;Side projects,PHP
At work;Side projects,PHP
At work;Side projects,C#/.Net
At work;Side projects,C/C++/Objective-C
At work;Side projects,C#/.Net;Java
Side projects,Java;Clojure
Side projects,Python;Java
At work;Side projects,C#/.Net
At work;Side projects,Ruby
Side projects,C/C++/Objective-C;PHP
At work,
At work;Side projects,Python;Erlang;Perl;PHP
At work;Side projects,PHP
At work;Side projects,Python;Ruby;Lisp
At work;Side projects,PHP
At work;Side projects,Java
At work;Side projects,Perl
Side projects,PHP
At work,C/C++/Objective-C;Java;PHP
At work;Side projects,Perl
At work,
At work;Side projects,C#/.Net;Python
At work;Side projects,Python
At work;Side projects,
At work,Processing
At work;Side projects,Python;PHP
At work,Java
At work;Side projects,C#/.Net;Ruby;PHP
At work;Side projects,C#/.Net;Java;PHP
Side projects,Python;Ruby
At work;Side projects,Python;Ruby;CoffeeScript
At work;Side projects,Clojure;Erlang;Go
At work;Side projects,C#/.Net
At work,PHP
At work;Side projects,Lisp
At work;Side projects,C#/.Net;PHP
At work,Java
At work;Side projects,C/C++/Objective-C;Java
At work;Side projects,PHP
At work;Side projects,C#/.Net;Python
At work;Side projects,
At work,
At work,Java;PHP
At work;Side projects,C#/.Net
At work,Python;Java;Ruby;Scala
At work;Side projects,Java
At work;Side projects,C/C++/Objective-C;C#/.Net;Python;Ruby;PHP
At work;Side projects,Java;ColdFusion
At work,Java
At work;Side projects,Ruby;Erlang;Go
At work;Side projects,Ruby
Side projects,C#/.Net
At work;Side projects,C/C++/Objective-C;C#/.Net;Python;Java;PHP
,Python;Scala
At work;Side projects,C/C++/Objective-C;Python
At work;Side projects,
At work;Side projects,
At work,PHP
At work,Java;PHP
At work;Side projects,PHP;dart
Side projects,PHP
At work;Side projects,PHP
At work;Side projects;College,Ruby
At work;Side projects,Java;Ruby;PHP
At work;Side projects,Python;PHP
At work,
At work;Side projects,Python
At work;Side projects,ColdFusion
At work,Java
At work;Side projects,Java;PHP
At work,Python
At work,
At work,PHP
,
At work;Side projects,Ruby
At work;Side projects,C/C++/Objective-C
At work;Side projects,Ruby
At work;Side projects,C/C++/Objective-C;Java
At work;Side projects,C#/.Net;Java;Ruby
Side projects,
At work;Side projects,Java
At work;Side projects,Ruby;PHP
At work;Side projects,Java
At work,C/C++/Objective-C;Python
At work;Side projects,Ruby
At work,C#/.Net
At work;Side projects,Java;Ruby
At work;Side projects,C/C++/Objective-C
At work;Side projects,C#/.Net
At work;Side projects,PHP
At work;Side projects,C#/.Net;Ruby
At work,Java
At work;Side projects,C#/.Net;Java;Perl
Side projects,Java
At work;Side projects,
At work,C#/.Net;Java
At work;Side projects,PHP
At work;Side projects,PHP
At work,PHP
At work;Side projects,Ruby;Clojure;Perl
At work;Side projects,Groovy
At work;Side projects,PHP
At work,C/C++/Objective-C;Java
At work;Side projects,PHP
At work;Side projects,Ruby
At work;Side projects,Java
At work;Side projects,PHP
At work;Side projects,Java;Ruby
Side projects,Ruby
At work;Side projects,
Side projects,Ruby
At work;Side projects,C/C++/Objective-C;Java;Ruby
At work,C/C++/Objective-C;PHP
At work;Side projects,Java;PHP
At work;Side projects,Python;PHP
At work;Side projects,C#/.Net;Python;Ruby
Side projects,Python;Go;Scala
At work,PHP
At work,C#/.Net;Python;Ruby;PHP
At work;Side projects,
At work;Side projects,Ruby
At work;Side projects,Java;PHP
Side projects,C/C++/Objective-C;C#/.Net;Python;Java;PHP
At work;Side projects,C#/.Net
At work,C/C++/Objective-C;Java
At work;Side projects,PHP
At work;Side projects,C#/.Net;PHP
At work;Side projects,
At work,Python;Ruby
At work;Side projects,Java;Scala
At work,PHP
At work,Java
At work;Some tiny tools for fun,C/C++/Objective-C;C#/.Net
At work;Side projects,Java
At work;Side projects,Python;Ruby;PHP
Side projects,C#/.Net
At work;Side projects,C#/.Net
At work;Side projects,
At work;Side projects,C#/.Net;Perl;PHP
At work;Side projects,C#/.Net;Java
At work;Side projects,C/C++/Objective-C;PHP
At work;Side projects,PHP
At work;Side projects,C#/.Net;PHP
At work;Side projects,C#/.Net
Side projects;Hobby,Python
At work,C/C++/Objective-C;PHP
At work,
At work;Side projects,C/C++/Objective-C;Java;Go
Side projects;Student learning JS,
At work;Side projects,C/C++/Objective-C;Java
At work,
At work;Side projects,C/C++/Objective-C;PHP;AS3
At work;Side projects,PHP
At work,
At work;Side projects,Python;Ruby;PHP
At work,Java
At work;Side projects,C#/.Net;haskell
At work;Side projects,Java;Ruby
At work,PHP
At work;Side projects,VB.Net
At work;Side projects,Coldfusion
At work,
At work;Side projects,C#/.Net;Java
At work,Java
At work,C#/.Net;Ruby
At work,PHP
At work;Side projects,PHP
At work;Side projects,Haskell
At work;Side projects,
At work,ActionScript
At work;Side projects,
,C/C++/Objective-C;C#/.Net;PHP
At work;Side projects,Java
Side projects,C#/.Net;Python
At work;Side projects,
At work;Side projects,C#/.Net;Java
At work;Side projects,Ruby
At work;Side projects,Java;Ruby;Clojure
At work,C#/.Net
At work;Side projects,C#/.Net;Java
At work,"Did 10 Java, but now only use JS"
At work;Side projects,C/C++/Objective-C;Python;Java;Scala
At work;Side projects,PHP
At work,C/C++/Objective-C
At work;Side projects,C#/.Net
At work;Side projects,C#/.Net;PHP
At work;Side projects,Ruby
At work;Side projects;Ottawa JavaScript,
At work;Side projects,C#/.Net;Python;Java;PHP
At work;Side projects,Ruby;PHP
At work;Side projects;Ottawa JavaScript,C/C++/Objective-C;Python;Java;Perl;PHP
At work,Java
At work;Side projects,C/C++/Objective-C;Java;Scala
At work,C#/.Net
Side projects,C#/.Net;Python
At work,Java
At work;Side projects,Python;Ruby
At work;Side projects,C#/.Net
At work;Side projects,"C/C++/Objective-C;Python;Java;Ruby;Perl;PL/SQL, Groovy"
At work,Java
At work;Side projects,C#/.Net;Python;Ruby;PHP
At work;Side projects,
At work,C#/.Net
At work;Side projects,Java;Clojure;Scala;PHP
At work,C#/.Net;PHP
At work;Side projects,Ruby;PHP
At work;Side projects,Java;Ruby
At work,Perl
At work;Side projects,
At work;Side projects,Python;Ruby;PHP
At work,C/C++/Objective-C;Python;PHP
At work;Side projects,
At work,
At work;Side projects,Java;PHP
,
At work,
At work,Python;PHP
At work;Side projects,Erlang
At work;Side projects,C/C++/Objective-C;Java;Ruby
At work;Side projects,Java
At work;Side projects,C#/.Net
At work;Side projects,Scala
At work;Side projects,Java
At work,C#/.Net;Java
Side projects,PHP
At work;Side projects,
At work;Side projects,Ruby;Scala
At work,Java;Scala
At work,PHP
At work,PHP
At work;Side projects,I havent really used anything but javascript for quite a while
At work,PHP
At work;Side projects,Python
Side projects,PHP
At work,PHP
At work;Side projects,C/C++/Objective-C;PHP
At work;Side projects,Python;Java
At work;Side projects,Java
At work,
At work;Side projects,Java
At work;Side projects,PHP
Side projects,
At work;Side projects,Perl
Side projects,
At work;Side projects,Java
Side projects,C#/.Net
At work;Side projects,PHP
At work;Side projects,
At work;Side projects,C#/.Net;PHP
At work;Side projects,C/C++/Objective-C;Python;PHP
At work;Side projects,C#/.Net
At work;Side projects,C#/.Net
At work;Side projects,C#/.Net;PHP
At work;Side projects,Java;Go
At work;Side projects,C/C++/Objective-C;PHP
At work;Side projects,C#/.Net
At work;Side projects;yosista,C/C++/Objective-C;C#/.Net;Python;Java;Ruby;Lisp;Clojure;Erlang;Go;Scala;Perl;PHP;fuckyou
At work;Side projects,C/C++/Objective-C;Perl
At work,C/C++/Objective-C
At work;Side projects;Fun,Python
At work;Side projects,Actionscript
At work,
At work;Side projects,Ruby;PHP
At work;Side projects,C/C++/Objective-C
At work;Side projects,Python;PHP
Side projects,Ruby
At work,C/C++/Objective-C;Python;PHP
At work,PHP;ActionScript
At work,Java
At work;Side projects,Python;Ruby
At work;Side projects,
At work;Side projects,Ruby
At work;Side projects,
At work;Side projects,
At work;Side projects,C#/.Net;Python
At work;Side projects,
At work;Side projects,C#/.Net;Ruby
Side projects,
At work,C#/.Net
At work,PHP
At work,Java
At work;Side projects,Go
At work;Side projects,Python;Java
At work,C#/.Net;Ruby;PHP
At work;Side projects,C/C++/Objective-C;PHP
At work;Side projects,C/C++/Objective-C;Python
At work;Side projects,Ruby
At work;Side projects,Java;PHP
At work;Side projects,Java;PHP
At work;Side projects,
At work;Side projects,
At work;Side projects,Python;PHP
At work,PHP
At work;Side projects,Java;Ruby
At work;Side projects,
At work;Side projects,C#/.Net;Java;PHP
At work;Side projects,C/C++/Objective-C;C#/.Net;Java
At work;Side projects,PHP
At work,PHP
At work;Side projects,C#/.Net;PHP
At work,PHP
At work;Side projects,Clojure
At work,Visual Basic
At work;Side projects,Java
At work,Python;PHP
Side projects,Python;Ruby
At work,Java;PHP
At work;Side projects,PHP
At work;Side projects,Ruby
At work;Side projects,Java
At work,Perl
At work;Side projects,C#/.Net;Java;Scala
At work;Side projects,Flex
At work;Side projects,C#/.Net
At work;Side projects,PHP
At work;Side projects,C#/.Net
At work;Side projects,Python;Java;PHP
At work;Side projects,Java
At work;Side projects,C#/.Net
At work;Side projects,Ruby;PHP
,Java
Side projects,PHP
At work,Java
At work;Side projects,C#/.Net
,PHP
At work,C/C++/Objective-C;PHP
At work,
At work,PHP
At work,C#/.Net
At work,
At work;Side projects,C#/.Net
At work;Side projects,HTML
Side projects,C/C++/Objective-C;Java
At work;Side projects,PHP
At work,C/C++/Objective-C;C#/.Net;Python
At work;Side projects,Java
Side projects;As a hobby,Python;PHP
Side projects,Java;Lotusscript
At work;Side projects,C/C++/Objective-C;PHP
At work;Side projects,
At work;Side projects,
At work;Side projects,Python;Java
At work;Side projects,C/C++/Objective-C;C#/.Net;Java;PHP
At work;Side projects;oss,Python
At work;Side projects,C#/.Net;Java
At work;Side projects,Java;Scala
At work;Side projects,C/C++/Objective-C;Python;Java;Ruby;PHP
At work;Side projects,C#/.Net;PHP
At work;Side projects,PHP
At work;Side projects,Java
At work;Side projects,flex
Side projects,
At work,C/C++/Objective-C;Java
At work;Side projects,Java
At work;Side projects,Python;Java;PHP
At work;Side projects,
At work;Side projects,Perl
At work;Side projects,Ruby;Go
At work;Side projects,C/C++/Objective-C;Python
At work;Side projects,Python;PHP
At work;Side projects,Python;Java
At work;Side projects,Java
At work;Side projects,C/C++/Objective-C;Java;PHP
At work;Side projects,PHP
At work,PHP
At work;Side projects,PHP
At work;Side projects,Java
At work;Side projects,
At work,C#/.Net;PHP
At work,Java;PHP
Side projects,Java
At work,C#/.Net
At work;Side projects,C#/.Net
At work,C#/.Net
At work;Side projects,C#/.Net
At work;Side projects,PHP;Action Script
At work;Side projects,C#/.Net
At work;Side projects,
At work,PHP
At work;Side projects,C#/.Net
At work;Side projects,Ruby;Go
At work,delphi
At work;Side projects,PHP
At work;Side projects,PHP
At work;Side projects,C/C++/Objective-C;Java
At work;Side projects,Python;Ruby;Go
At work;Side projects,
At work;Side projects,C#/.Net
At work;Side projects,C#/.Net;Ruby
At work;Side projects,PHP
At work,C#/.Net
At work;Side projects,C/C++/Objective-C
At work;Side projects,Java
At work;Side projects,C#/.Net
At work;Side projects,Java
At work;Side projects,C#/.Net;PHP
At work;Side projects,Ruby
At work;Side projects,C/C++/Objective-C;C#/.Net;Perl
At work;Side projects,
At work;Side projects,PHP
At work,C#/.Net;Haxe
At work;Side projects,C#/.Net
At work,PHP
At work;Side projects,
At work;Side projects,C/C++/Objective-C;Java;Ruby;Scala;PHP
At work,Ruby
At work;Side projects,C/C++/Objective-C;Java;PHP
At work;Side projects,PHP
At work;Side projects,PHP
At work;Side projects,C#/.Net;PHP
At work;Side projects,Ruby;PHP
At work;Side projects,Java;Ruby
At work;Side projects,PHP
At work;Side projects,Python;PHP
At work;Side projects,Python;Java;Ruby;PHP
At work;Side projects,C/C++/Objective-C;Ruby
At work,
At work;Side projects,C/C++/Objective-C;C#/.Net;Java
At work;Side projects,PHP
At work;Side projects,
At work;Side projects,PHP
At work;Side projects,Python;PHP
At work,
At work;Side projects,PHP
At work;Side projects,C#/.Net;Java;PHP
At work;Side projects,
At work;Side projects,C#/.Net;Python;Java;Ruby
At work;Side projects,Python;Ruby;PHP
At work;Side projects,C/C++/Objective-C;Java
At work;Side projects,Java
At work;Side projects,Scala
At work,PHP
At work,Ruby;Go;PHP
At work;Side projects,C#/.Net
At work;Side projects,C/C++/Objective-C;Python;Java;Scala;PHP
At work,C/C++/Objective-C;Python
At work;Side projects,C#/.Net;Java
At work;Side projects,PHP
At work;Side projects,PHP
Side projects;Hobby,PHP
At work;Side projects,C#/.Net
At work;Side projects,
At work;Side projects,Java;PHP
Side projects,PHP
At work;Side projects,PHP
At work;Side projects,PHP
At work,C/C++/Objective-C;C#/.Net;Java;Ruby
At work;Side projects,C/C++/Objective-C;Java;Ruby;Lisp;Erlang;Smalltalk
At work,Ruby
At work;Side projects,PHP
At work;Side projects,PHP
At work;Side projects,C/C++/Objective-C;Java;PHP
At work;Side projects,PHP
At work;Side projects;On the toilet,Ruby;Scala
At work;Side projects,C#/.Net;PHP
At work;Side projects,
At work,Python
At work;Side projects,C/C++/Objective-C;C#/.Net;Python;PHP
At work;Side projects,C#/.Net;Ruby
At work;Side projects,Python;Ruby
At work;Side projects,Ruby;Go
At work;Side projects,
At work;Side projects,Java
At work;Side projects,Ruby
At work;Side projects,C/C++/Objective-C;Ruby
At work;Side projects,C#/.Net
Side projects,PHP
At work;Side projects,
At work;Side projects,PHP
At work,C/C++/Objective-C
At work;Side projects,Python;PHP
At work;Side projects,Python;Ruby
At work;Side projects,PHP
At work;Side projects,PHP
At work;Side projects,C#/.Net;Java
Side projects,C/C++/Objective-C
At work;Side projects,Ruby;PHP
Side projects,C#/.Net
At work;Side projects,C#/.Net
At work;Side projects,C/C++/Objective-C;Java;PHP
At work;Side projects,Java;Ruby;PHP
At work;Side projects,C#/.Net
At work;Side projects,Java
At work,C/C++/Objective-C;Java;PHP
At work;Side projects,
At work;Side projects,PHP
At work;Side projects,Ruby
At work,Java;Ruby
At work;Side projects,Python;Java;Ruby;PHP
At work;Side projects,PHP
At work,C#/.Net
At work;Side projects,PHP
At work,
At work;Side projects,Python
At work;Side projects,C#/.Net;Python
At work;Side projects,C/C++/Objective-C;C#/.Net;Java
At work;Side projects,
At work;Side projects,C#/.Net;PHP
At work;Side projects,
At work;Side projects,Python;PHP
At work;Side projects;as an all-mighty batch script alternative,C#/.Net
At work;Side projects,Java;PHP
At work;Side projects,
Side projects,
At work;Side projects,Java;PHP
At work;Side projects,Python;PHP
At work;Side projects,C#/.Net
At work;Side projects,C/C++/Objective-C
At work;Side projects,Python;PHP
At work,PHP
At work,Python;Ruby;PHP
At work;Side projects,Python;PHP
At work;Side projects,Ruby;PHP
At work;Side projects,
At work;Side projects,PHP
At work;Side projects,PHP
At work;Side projects,Java
At work;Side projects,PHP
At work;Side projects,C/C++/Objective-C;Python;Java
At work,
Side projects,PHP
At work;Side projects,C#/.Net;PHP
At work;Side projects,Ruby;PHP
At work;Side projects,C#/.Net;as3
At work,C/C++/Objective-C;C#/.Net
At work;Side projects,C/C++/Objective-C;PHP
At work;Side projects,Java;Perl
At work;Side projects,Ruby;PHP
At work;Side projects,C#/.Net;Ruby
At work;Side projects,
At work,Java
At work,C#/.Net;Java
At work,C/C++/Objective-C;C#/.Net;PHP
At work,C#/.Net
At work;Side projects,Java;PHP
At work;Side projects,C/C++/Objective-C
At work,
At work;Side projects,Python
At work;Side projects,Java;Ruby
At work,PHP
At work,C/C++/Objective-C;C#/.Net
At work;Side projects,C#/.Net;Go;PHP
At work;Side projects,Ruby
Side projects,C#/.Net;Perl;PHP
At work;Side projects,Ruby;PHP
At work;Side projects,Python
At work,
At work;Side projects,PHP
At work;Side projects,C#/.Net;Python;Java;Ruby
At work,ActionScript 3
At work;Side projects,PHP
At work;Side projects,
At work,PHP
At work;Side projects,Java
At work;Side projects,C#/.Net;Java;PHP
At work;Side projects,PHP
At work,Ruby
At work;Side projects,Java;Scala
At work,PHP
At work,C/C++/Objective-C;Ruby;PHP
At work;Side projects;at home,
At work,Python
At work,
Side projects,Ruby;PHP
At work,PHP
At work;Side projects,Python;Java
At work;Side projects,PHP
At work;Side projects,PHP
At work;Side projects,Python;Ruby;PHP
At work;Side projects,C#/.Net
At work;Side projects,C/C++/Objective-C;Python;Java;Go;PHP
At work,Java
At work;Side projects,Python;Java
At work;Side projects,C#/.Net
At work;Side projects,C#/.Net
At work;Side projects,C#/.Net
At work;Side projects,PHP
At work;Side projects,Python;PHP
At work,C/C++/Objective-C;C#/.Net
At work;Side projects,Ruby;PHP
At work;Side projects,Ruby
Side projects,PHP
At work,C#/.Net
,Java
At work;Side projects,C#/.Net;shell
At work;Side projects,Python;Java;PHP
At work,
At work;Side projects,Java
At work;Side projects,Python;PHP
At work,Java
At work,Python
At work;Side projects,Ruby;PHP
At work,C#/.Net;Java
At work;Side projects,C#/.Net;PHP
At work;Side projects,PHP
At work,C#/.Net
At work;Side projects,Java;PHP
At work;Side projects,Python;Java;PHP
At work;Side projects,C#/.Net;Java;PHP
At work;Side projects,C#/.Net
At work,Java
At work;Side projects,C/C++/Objective-C;C#/.Net;Java;PHP
At work;Side projects,Java;Ruby;PHP
At work;Side projects,Java
At work;Side projects,Java;actionscript
At work;Side projects,C#/.Net;PHP
At work;Side projects,Python
At work;Side projects,PHP
At work;Side projects,PHP
At work;Side projects,Ruby;PHP
At work,Ruby
At work,PHP
At work;Side projects,Java;Scala
At work;Side projects,C#/.Net
At work;Side projects,PHP
At work;Side projects,Java
At work;Side projects,C#/.Net
At work;Side projects,Java;PHP
At work;Side projects,C#/.Net
At work;Side projects,C/C++/Objective-C
At work,C#/.Net
At work,Java
At work,Python
At work;Side projects,C#/.Net;Ruby;Go
At work;Side projects,Python;Ruby;Go;PHP
At work;Side projects,Ruby;PHP
At work;Side projects,C#/.Net
At work,Ruby
At work;Side projects,C/C++/Objective-C;Java;Ruby;PHP
Side projects,PHP
At work;Side projects,PHP
At work;Side projects,C#/.Net
At work,PHP
At work,PHP
At work,PHP
At work;Side projects,Java
At work;Side projects,C#/.Net;PHP
At work;Side projects,Ruby;PHP
At work,Java
At work,C#/.Net
,
At work;Side projects,C#/.Net;Java;PHP
At work;Side projects,C#/.Net;Ruby
At work;Side projects,C#/.Net
At work;Side projects,C/C++/Objective-C;C#/.Net;Java
At work;Side projects,C/C++/Objective-C
At work;Side projects,Ruby
At work;Side projects,C/C++/Objective-C;PHP
At work,Python
At work,C#/.Net
At work,C/C++/Objective-C;PHP
At work;Side projects,Python;PHP
Side projects,PHP
At work;Side projects,C#/.Net
At work;Side projects,C#/.Net;Python
At work,C/C++/Objective-C;PHP
At work,C#/.Net
At work;Side projects,Perl;PHP
At work,C#/.Net;Java
At work;Side projects,C#/.Net
At work;Side projects,
At work;Side projects,C/C++/Objective-C;Java
At work;Side projects,C#/.Net;Java
At work;Side projects,
At work,Ruby
At work;Side projects,Java;PHP
At work;Side projects,C#/.Net
At work;Side projects,ColdFusion
At work;Side projects,PHP
At work,Java
Side projects,C#/.Net
At work,C#/.Net;PHP
At work;Side projects,PHP;apex
At work;Side projects,C#/.Net
At work,PHP
Side projects,Java
At work;Side projects,C#/.Net
At work;Side projects,PHP
At work;Side projects,C#/.Net
At work;Side projects,C#/.Net
At work,PHP
At work;Side projects,Ruby;PHP
At work;Side projects,C#/.Net
At work;Side projects,Python
At work,JS
At work;Side projects,Python
At work;Side projects,C#/.Net
At work;Side projects,Go;PHP
At work,C/C++/Objective-C;Python
At work,PHP
At work,C/C++/Objective-C
At work;Side projects,PHP
At work;Side projects,PHP
At work,Java
At work;Side projects,Ruby;PHP
At work,PHP
At work;Side projects,C#/.Net
At work;Side projects,
At work;Side projects,Ruby;PHP
At work;Side projects,Java
At work;Side projects,
At work,
At work,PHP
Side projects,PHP
At work;Side projects,Python
At work;Side projects,Java
At work;Side projects,PHP
At work;Side projects,PHP
At work,C/C++/Objective-C;Java;Lisp;PHP
At work;Side projects,C/C++/Objective-C;Java
At work,Java;PHP
At work;Side projects,Ruby;PHP
At work;Side projects,Ruby;Go;PHP;Rust
At work;Side projects,Java
At work;Side projects,Java
Side projects,Java
At work;Side projects,Java
At work;Side projects,Java;Perl;PHP
At work,Java
At work;Side projects,Java;Ruby
At work,Python
At work,PHP
At work;Side projects,
Side projects,
At work;Side projects,C/C++/Objective-C;C#/.Net;Ruby;PHP
At work;Side projects,Python
At work;Side projects,C#/.Net;Java
,
At work;Side projects,PHP
At work;Side projects,C/C++/Objective-C;Python
At work;Side projects,C/C++/Objective-C
Side projects,Python
At work;Side projects,
At work;Side projects,Java;PHP
At work;Side projects,
At work;Side projects,Python;PHP
At work;hobby,Java
At work,C#/.Net
At work;Side projects,PHP
At work;Side projects,Go;PHP
At work;Side projects,C#/.Net;PHP
At work;Side projects,Groovy
At work;Side projects,Java
At work;Side projects,
At work;Side projects,C#/.Net;Java;PHP
Side projects,Java;PHP
At work,Ruby
At work;Side projects,PHP
At work;Side projects,C#/.Net
At work,PHP
At work;Side projects,C#/.Net
At work;Side projects,C/C++/Objective-C;PHP
At work,Java
At work;Side projects,C/C++/Objective-C;Python;Java;PHP
At work;Side projects,Java
At work;Side projects,C/C++/Objective-C;Ruby;Go;Scala;PHP
At work;Side projects,Java;PHP
At work;Side projects,Python;Erlang;PHP
At work;Side projects,Ruby;Perl
At work;Side projects,Python
,Java
At work;Side projects,Ruby
At work;Side projects,Perl
At work;Side projects,
At work;Side projects,C#/.Net
At work;Side projects,C/C++/Objective-C;Python;Java
At work;Side projects;g,
At work;Side projects,Python;Ruby;Perl;PHP
At work;Side projects,C/C++/Objective-C;Python;Java;Scala
At work;Side projects,Java
At work;Side projects,Java
At work;Side projects,Java
At work,
At work;Side projects,Ruby
At work,Java
At work;Side projects,Python;Java;PHP
At work;Side projects,PHP
At work;Side projects,Perl;PHP
At work,C#/.Net;Java;Ruby
At work;Side projects,C#/.Net
At work;Side projects,Python
At work,C#/.Net
At work;Side projects,Java
At work;Side projects,C/C++/Objective-C;Python
At work;Side projects,PHP
At work;Side projects,C/C++/Objective-C;Python
At work;Side projects,PHP
At work,
At work,C/C++/Objective-C;Python;Ruby;Lua
At work;Side projects,Ruby;Scala
At work,Python;PHP
At work;Side projects,Ruby
At work;Side projects,Python;Ruby;Go
At work;Side projects,C/C++/Objective-C;Python;Ruby
At work;Side projects,
At work;Side projects,PHP
At work;Side projects,PHP
At work;Side projects,C/C++/Objective-C;PHP;Rebol
At work;Side projects,Python;Java;Scala
At work;Side projects,Python
At work;Side projects,Java;Ruby;Clojure;Scala
Side projects,C/C++/Objective-C;C#/.Net;Python;Java;PHP
At work;Side projects,C/C++/Objective-C;Python;Java;Ruby;PHP
At work;Side projects,C/C++/Objective-C;C#/.Net
At work;Side projects,C/C++/Objective-C;Python;Erlang
At work;Side projects,
At work;Side projects,PHP
At work,C/C++/Objective-C;Python;Java
At work,
At work;Side projects,Ruby
At work;Side projects,
At work;Side projects,Python
At work;Side projects,Java;PHP
At work,Java
Side projects,Perl;PHP
At work;Side projects,Java;Scala;Groovy
At work;Side projects,Python;Java;PHP
At work;Side projects,C/C++/Objective-C;Python;Java;Lisp
At work;Side projects,C#/.Net;PHP
At work;Side projects,C/C++/Objective-C
At work,Java
At work;Side projects,Python;Java;Ruby
At work;Side projects,Python;Ruby
At work;Side projects,Java;Ruby;PHP
Side projects,Ruby
At work;Side projects,C#/.Net
At work;Side projects,Ruby
At work;Side projects,x86
At work;Side projects,C#/.Net;Ruby
At work;Side projects,Java;PHP
At work;Side projects,C/C++/Objective-C;Ruby;Clojure
At work;Side projects,C#/.Net;Ruby
At work;Side projects,Python;PHP
At work;Side projects,PHP
At work;Side projects,C/C++/Objective-C;PHP
At work;Side projects,PHP
At work;Side projects,Ruby
At work;Side projects,C/C++/Objective-C;C#/.Net;Java;PHP
At work;Side projects,
At work,C#/.Net
At work,PHP
At work,Ruby;PHP
At work;Side projects,C/C++/Objective-C;PHP
At work;Side projects,Python
At work,Scala
Side projects,Python
At work;Side projects,PHP
At work;Side projects,Ruby
At work;Side projects,PHP
At work;Side projects,
At work,Perl;PHP
At work,PHP
At work;Side projects,C#/.Net;Java;Ruby
At work;Side projects,
At work,C/C++/Objective-C;C#/.Net;Java;PHP
At work;Side projects,Python;PHP
At work;Side projects,C#/.Net
At work,PHP
At work,Ruby
At work;Side projects,Python
At work;Side projects,C#/.Net;PHP
,
At work;Side projects,C/C++/Objective-C;Python;Ruby
At work;Side projects,
At work;Side projects,Python;Go;PHP
At work,Python;Java;PHP
At work;Side projects,Ruby
At work;Side projects,C#/.Net;Java
At work;Side projects,Java;PHP
At work;Side projects,Python;PHP
,
Side projects,PHP
At work;Side projects,
At work,Java;Groovy
At work;Side projects,Python;Go
At work;Side projects,Ruby
At work;Side projects,Java;PHP
At work,Python
At work;Side projects,Python;Java
,Perl
At work;Side projects,Python;Ruby
At work,Ruby;Scala;PHP
At work;Side projects,C#/.Net
At work;Side projects,PHP
At work;Side projects,Ruby;PHP
At work;Side projects,Python
At work;Side projects,Python;Java
At work;Side projects,Java
At work,Java
At work;Side projects,PHP
At work;Side projects,PHP
At work,C#/.Net;Delphi
At work;Side projects,Ruby;Go
At work,C/C++/Objective-C;Java
At work;Side projects,C/C++/Objective-C;vala
At work;Side projects,C/C++/Objective-C;Python;PHP
At work;Side projects,Ruby
At work,C#/.Net
At work;Side projects,PHP
At work;Side projects,
At work;Side projects,PHP
Side projects,Java;PHP;Groovy
At work;Side projects,C#/.Net;PHP
At work;Side projects,Perl;PHP
,PHP
School,
At work;Side projects,C/C++/Objective-C;Python;Java
Side projects;Studies,
At work,
At work;Side projects,C#/.Net
At work,PHP
At work;Side projects,Python;Haskell
At work;Side projects,C#/.Net
At work,C#/.Net;VB6
Side projects,
At work;Side projects,Python;Java
At work;Side projects,
At work;arduino art,ActionScript
At work;Side projects,Ruby
At work,Java
At work,Python
At work;Side projects,C#/.Net;PHP
At work;Side projects,PHP
At work;Side projects,PHP
At work;Side projects,Java
At work;Side projects,C#/.Net;Java;PHP
At work,PHP
At work;Side projects,PHP
At work;Side projects,C#/.Net;Java
At work,C#/.Net
At work;Side projects,PHP
At work,C#/.Net
Side projects,C/C++/Objective-C;Scala
At work;Side projects,C#/.Net;PHP
At work;Side projects,
At work;Side projects,PHP
At work;Side projects,PHP
At work;Side projects,C/C++/Objective-C;C#/.Net;Python
At work;Side projects,Java
At work,
At work;Side projects,Python;Scala;R
At work;Side projects,Java;Ruby;PHP
At work;Side projects,C#/.Net
At work;Side projects,C#/.Net;Ruby
At work;Side projects,C#/.Net;Java;Go;PHP
At work;Side projects,C#/.Net;Python;Java;Ruby
At work;Side projects,Ruby;PHP
At work;Side projects,Python;PHP
At work,PHP
At work;Side projects,PHP
At work,C#/.Net
At work;Side projects,PHP
At work;Side projects,PHP
At work;Side projects,Python
Side projects,Object Pascal
At work;Side projects,
At work;Side projects,C#/.Net
At work;Side projects,C#/.Net
At work,PHP
At work;Side projects,PHP
At work;Side projects,Ruby
At work;Side projects,Python;Ruby;PHP
Side projects,C/C++/Objective-C;Java;Perl
At work;Side projects,Python
At work;Side projects,C#/.Net
At work;Side projects,C#/.Net
At work,
At work,C#/.Net
At work;Side projects,Java;Ruby;Clojure
At work;Side projects,C/C++/Objective-C;C#/.Net;Python;PHP
At work;Side projects,Perl;PHP
At work;Side projects,Python;PHP
At work,
At work;Side projects,C#/.Net
At work;Side projects,PHP
At work;Side projects,Python
At work;Side projects,Ruby;Go
At work;Side projects,Ruby
At work;Side projects,Ruby
At work;Side projects,Ruby;PHP
At work;Side projects,Java;Ruby
At work;Side projects,C#/.Net
At work;Side projects,C#/.Net;Python;Ruby;Lua
,Java;Lisp
At work;Side projects,HTML and Handlebars Templates
At work;Side projects,C/C++/Objective-C;Ruby
At work;Side projects,PHP
At work;Side projects,C#/.Net
At work;Side projects,coldfusion
At work;Side projects,PHP
Side projects,C/C++/Objective-C;Java;Ruby;PHP
At work;Side projects,Python
At work;Side projects,PHP
At work;Side projects,
At work;Side projects,PHP
At work,Java
At work;Side projects,
At work;Side projects,Python;Ruby;PHP
At work;Side projects,C/C++/Objective-C;Java;Erlang
At work;Side projects,PHP
At work;Side projects,Java;PHP
At work;Side projects,Java;Scala;PHP
At work;Side projects;School,Java
Side projects,Java;PHP
At work;Side projects,Python
At work;Side projects,C/C++/Objective-C
At work;Side projects,Ruby;PHP
At work;Side projects,Ruby
At work;Side projects,C/C++/Objective-C;Java;PHP
At work;Side projects,C#/.Net
Side projects,Java;PHP
At work;Side projects,Clojure
At work;Side projects,Ruby
At work,
At work;Side projects,PHP
At work;Side projects,Python
At work;Side projects,C#/.Net;Perl
Side projects,PHP
At work;Side projects,PHP
At work;Side projects,
At work;Side projects,C/C++/Objective-C;Java;Ruby;PHP;Lua
At work;Side projects,C#/.Net;Python;Java;Ruby
At work;Side projects,C#/.Net
At work;Side projects,PHP
At work;Side projects,
Side projects,C/C++/Objective-C;Java;PHP
At work,Python
At work;Side projects,
At work;Side projects,Ruby;lua
At work;Side projects,
At work;Side projects,Python;Ruby;Perl;PHP
Side projects,C/C++/Objective-C;Python;Go
At work;Side projects,Python;Java;Ruby;PHP
At work,C#/.Net;Perl;PL/SQL
At work,Java
At work;Side projects,C/C++/Objective-C;Python
At work;Side projects,PHP
Side projects,Python
At work;Side projects,
At work;Side projects,C#/.Net
At work;Side projects;University,
At work;Side projects,Perl
At work;Side projects;Freelance web projects,C/C++/Objective-C;Python;Java;PHP
At work;Side projects,Ruby;PHP
At work;Side projects,PHP
At work;Side projects,Ruby;PHP
At work;Side projects,Perl;PHP
At work;Side projects,
At work;Side projects,C#/.Net
At work;Side projects,PHP
Side projects,Java;PHP
At work;Side projects,Ruby
At work;Side projects,PHP
At work;Side projects,Java;Ruby;Scala
At work;Side projects,Java
At work;Side projects,C#/.Net
At work,Java
At work;Side projects,Ruby;PHP
At work;Side projects,
At work,
At work;Side projects,Java;PHP
,
At work;Side projects,C#/.Net
At work;Side projects,Python;Ruby
At work;Side projects,Python;Ruby
At work;Side projects,Java;PHP
At work;Side projects,C#/.Net
At work;Side projects,C#/.Net;Ruby;PHP
At work;Side projects,Python;Ruby
At work;Side projects,machine code
At work;Side projects,PHP
At work;Side projects,
,
At work;Side projects,
At work;Side projects;raspberry,C#/.Net;Python;Java;PHP
At work;Side projects,Python
At home,Java;Go;Scala
At work;Side projects,Ruby;Perl
At work;Side projects,Python;Scala
At work,Python;Ruby
At work;Side projects,Ruby;PHP
At work;Side projects,
At work;Side projects,Python;Ruby;Go;PHP
At work,C#/.Net;Java
At work;Side projects,
At work;Side projects,PHP
At work,Python;Java
At work;Side projects,PHP
At work;Side projects,Ruby
At work,PHP;Classic ASP
At work;Side projects,PHP
Side projects,C/C++/Objective-C;C#/.Net;Python;Ruby;Perl;PHP
At work,"C#/.Net;vb.net, TSQL"
At work;Side projects,C#/.Net;PHP
At work,PHP
At work;Side projects,
At work;Side projects,Python
At work;Side projects,Python;Ruby;Lisp;Perl
At work;Side projects,C#/.Net;Python
At work;Side projects,Python
At work,PHP
At work;Side projects,Python;PHP
At work;Side projects,Ruby
At work;Side projects,PHP
At work;Side projects,C/C++/Objective-C;PHP
At work;Side projects,
At work;Side projects,Python;Perl;PHP
At work;Side projects,
At work;Side projects,C/C++/Objective-C;Java
At work;Side projects,
At work;Side projects,C#/.Net
At work,Ruby
At work;Side projects,Java;Ruby
At work,Ruby;PHP
At work;Side projects,Python
At work,PHP
At work;Side projects,
At work;Side projects,Python
At work;Side projects,C/C++/Objective-C;C#/.Net;Java;Ruby;Perl;PHP;Asm!
At work;Side projects,Python
At work,C#/.Net
At work;Side projects,Python
At work,Python;PHP
At work;Side projects,C#/.Net
At work;Side projects,Java;Ruby
At work,Java
At work;Side projects,PHP
At work;Side projects,Java;Ruby
At work;Side projects,C#/.Net
At work,Python
At work,C#/.Net;PHP
At work,PHP
At work,PHP
At work;Side projects,Java;Ruby;PHP
At work;Side projects,Scala
At work;Side projects,C/C++/Objective-C;Java;Ruby;Clojure
At work,Java;PHP
At work,C/C++/Objective-C;Java
Side projects,PHP
At work;Side projects,PHP
At work;Side projects,"C#/.Net;Delphi, mumps"
At work;Side projects,C/C++/Objective-C;C#/.Net;Java;Ada
At work;Side projects,C#/.Net
At work,C#/.Net
At work,Java
At work;Side projects,PHP
At work;Side projects,PHP
At work;Side projects,Erlang;Perl
At work;Side projects,Ruby;Scala
At work;Side projects,C#/.Net
At work;Side projects,Java;Ruby
At work;Side projects,C/C++/Objective-C;C#/.Net;Clojure
At work,Python;Java
At work;Side projects,
At work,C#/.Net
At work,Ruby
At work;Side projects,C/C++/Objective-C;Python;Java;PHP
Side projects,Java;PHP
At work,
At work;Side projects,PHP
At work;Side projects,
At work;Side projects,Go
At work;Side projects,PHP;assembly
At work;Side projects,Ruby;Clojure;Go
At work;Side projects,Python;Clojure
At work;Side projects,C#/.Net;Ruby
At work;Side projects,Perl
At work,
At work;Side projects,C/C++/Objective-C
At work;Side projects,PHP
At work;Side projects,ActionScript
At work;Side projects,PHP;Actionscript
At work;Side projects,PHP
At work;Side projects,PHP
At work;Side projects,Python;Clojure;Scala
At work;Side projects,C/C++/Objective-C;Python;Java;PHP
At work;Side projects,Java;Go;Scala
At work;University,
At work;Side projects,C/C++/Objective-C;Ruby;Go
At work;Side projects,Ruby;Scala;PHP
At work;Side projects,Python;Ruby
At work;Side projects,Haskell
At work;Side projects;my own needs and ideas,PHP
At work;Side projects,Python;Ruby
At work;Side projects,C/C++/Objective-C;Python;Java;PHP
At work;Side projects,Scala
At work;Side projects,Python;Clojure
At work;Side projects,C/C++/Objective-C;Perl
Side projects,
At work;Side projects,C#/.Net;Python;Java;Scala
At work,Java
Side projects,Java;Scala;PHP
At work;Side projects,Python;PHP
At work;Side projects,PHP
At work;Side projects,lua
At work;Side projects,Scala
At work;Side projects,Python;Java;Erlang;Go
At work;Side projects,Ruby;Perl
At work;Side projects,PHP
At work;Side projects,PHP
At work;Side projects,Ruby
At work;Side projects,Python;Java
At work,C#/.Net
At work;Side projects,C/C++/Objective-C;C#/.Net;PHP
At work,
At work;Side projects,C#/.Net;Java;PHP
At work;Side projects,PHP
At work;Side projects,C/C++/Objective-C;Java;PHP
At work;Side projects,PHP
At work;Side projects,C/C++/Objective-C;Ruby;Go
At work,Python;Java;Ruby
At work;Side projects,PHP
At work,PHP
At work;Side projects,C#/.Net
Side projects,C/C++/Objective-C;Python;Perl
At work,
At work,C/C++/Objective-C;C#/.Net
At work;Side projects,C#/.Net;Ruby
At work;Side projects,C/C++/Objective-C;Ruby;Go
At work;Side projects,Java
Still Training,Java;Perl
At work;Side projects,PHP
At work;Side projects,Ruby
At work;Side projects,PHP
At work;Side projects,C/C++/Objective-C;C#/.Net
At work;Side projects,Perl
At work;Side projects,
At work;Side projects,
At work;Side projects,C#/.Net;Ruby;PHP
At work;Side projects,C/C++/Objective-C;Python;Ruby;Go;PHP
At work;Side projects,Ruby
At work;Side projects,C#/.Net;Java
At work,C#/.Net
At work;Side projects,Ruby
At work;Side projects,C#/.Net;PHP
At work,C/C++/Objective-C;C#/.Net;PHP
At work;Side projects,Java;PHP
Side projects,C/C++/Objective-C
At work;Side projects,C#/.Net
At work;Side projects,Python;PHP
,Java
At work;Side projects,PHP
At work;Side projects,PHP
At work;Side projects,C/C++/Objective-C;C#/.Net;Python;Erlang;Go;PHP
At work,C/C++/Objective-C;Ruby;Go;Haskell
At work;Side projects,Java;groovy
At work,Java
At work;Side projects,Ruby
At work;Side projects,C#/.Net
Side projects,PHP
At work;Side projects,Python;Ruby
At work;Side projects,C#/.Net
At work;Side projects,PHP
At work;Side projects,
At work;Side projects,
At work,C/C++/Objective-C;Python;Erlang
At work;Side projects,C#/.Net;Java
At work;Side projects,Python;Ruby;PHP
At work;Side projects,Ruby;Clojure;Erlang
At work;Side projects,
At work;Side projects,Python
Side projects,C/C++/Objective-C;Python;Java;PHP
At work,
At work;Side projects,C/C++/Objective-C;Ruby
At work;Side projects,Java
At work;Side projects,PHP
At work,Python;Ruby
Side projects,Java;Scala
At work;Side projects,Java;Ruby
At work;Side projects,PHP
At work;Side projects,Python;PHP
At work;Side projects,Scala;PHP
At work;Side projects,Scala;PHP
At work;Side projects,C#/.Net;Java;Ruby;PHP
At work;Side projects,coldfusion
At work,C/C++/Objective-C;Go;PHP
At work,C/C++/Objective-C;Go;PHP
At work;Side projects,Ruby
At work;Side projects,Perl
At work;Side projects,Ruby;Go
,C/C++/Objective-C;C#/.Net
At work;Side projects,Lisp
At work,C#/.Net
At work;Side projects,
At work,PHP
At work;Side projects,PHP
At work;Side projects,Ruby;Perl;PHP
At work,Java
At work,Java
At work;Side projects,C/C++/Objective-C;Python
At work;Side projects,Ruby
At work;Side projects,C#/.Net
At work,C/C++/Objective-C;C#/.Net;Java;Ruby
At work;Side projects,Python;Java;PHP
Side projects,C#/.Net;PHP
At work,Java
At work,Java
At work;Side projects,PHP
At work;Side projects,C#/.Net;Python
At work;Side projects,C/C++/Objective-C;Python;Java;PHP
At work;Side projects,PHP
At work,Python;PHP
At work;Side projects,C#/.Net
At work,Ruby;PHP
At work,Ruby
At work;Side projects,PHP
At work;Side projects,C/C++/Objective-C;Java
At work;Side projects,Ruby
At work;Side projects,Ruby
At work;Side projects,
At work,
At work;Side projects,C#/.Net;PHP
At work;Side projects,PHP
At work;Side projects,Ruby
At work;Side projects,PHP
At work;Side projects,C#/.Net
At work;Side projects,C#/.Net;Python;Java;D
At work;Side projects,C#/.Net
At work;Side projects,
At work;Side projects,Java
At work;Side projects,Python
At work;Side projects,
At work;Side projects,Java;PHP
At work;Side projects,C#/.Net;Ruby
,
At work;Side projects,C#/.Net
At work;Side projects,Python;Java;PHP
At work;Side projects,Python;PHP
At work;Side projects,PHP
At work;Side projects,C/C++/Objective-C
At work;Side projects,Ruby
Side projects,C#/.Net;Java;PHP
Side projects,
At work;Side projects,C#/.Net
At work;Side projects,C#/.Net
At work;Side projects,C#/.Net
At work;Side projects,Ruby;PHP
At work;Side projects,C#/.Net;Python
At work,Python;Ruby
At work;Side projects,Ruby
At work;Side projects,Java;Perl
At work;Side projects,C#/.Net
At work;Side projects,
At work;Side projects,PHP
At work;Side projects,C/C++/Objective-C;Python
At work;Side projects,Java
At work;Side projects,PHP
At work,Ruby;Erlang
At work;Side projects,Java
At work;Side projects,
At work;Side projects,Python;PHP
At work,C#/.Net
At work;Side projects,Java;Groovy
At work,Perl
At work;Side projects,PHP
At work;Side projects,C#/.Net;Python;Java
At work;Side projects,Ruby
At work;Side projects,
At work;Side projects,
At work;Side projects,C/C++/Objective-C;Ruby;Go
At work;Side projects,Ruby
At work;Side projects,C/C++/Objective-C;Java;Ruby
At work;Side projects,C/C++/Objective-C;Erlang;Perl
At work;Side projects,Python
At work;Side projects,C#/.Net;Ruby
At work;Side projects;blog,C#/.Net
At work,Python
At work,
At work;Side projects,Java
At work;Side projects,Ruby
At work;Side projects,Ruby
At work;Side projects,Ruby;PHP
At work;Side projects,Scala;PHP
At work,
At work;Side projects,PHP
At work;Side projects,C/C++/Objective-C;Ruby;Clojure;Lua
At work;Side projects,Java;PHP
At work;Side projects,
At work;Side projects,C/C++/Objective-C;C#/.Net;Ruby
At work;Side projects,C#/.Net;Ruby
At work;Side projects,C#/.Net;Ruby
At work,PHP
At work;Side projects,C#/.Net;Java
Side projects,C#/.Net
At work,Java
At work,C/C++/Objective-C;C#/.Net;Python;Java
At work;Side projects,Python;Ruby
At work;Side projects,Python;Ruby
At work;Side projects,Java
At work,Ruby
At work;Side projects,PHP
At work;Side projects,C#/.Net
At work,Java
At work,C#/.Net
At work;Side projects,Ruby;PHP
At work;Side projects,PHP
At work;Side projects,C#/.Net
At work;Side projects,
At work;Side projects,PHP
At work;Side projects,C#/.Net;Go
At work;Side projects,
At work;Side projects,
At work,AS3
At work;Side projects,C#/.Net
At work;Side projects,Scala
At work;Side projects,Python
At work;Side projects,C#/.Net
At work;Side projects,C/C++/Objective-C;C#/.Net
At work;Side projects,C/C++/Objective-C;Python
At work;Side projects,Python;Clojure
At work,C/C++/Objective-C
At work;Side projects,Java;PHP;Scala
At work;Side projects,C#/.Net
At work;Side projects,Python;Java
At work;Side projects,Python;Java
At work;Side projects,PHP
At work;Side projects,C/C++/Objective-C;PHP
At work,Java
At work;Side projects,Python;Java
At work,C#/.Net;PHP
At work;Side projects,C/C++/Objective-C;Java
At work;Side projects,Java;PHP
At work;Side projects,Ruby;PHP
At work,C/C++/Objective-C;Java;Ruby;Perl;PHP
At work;Side projects,Java;PHP
At work;Side projects,Java
At work,Ruby
At work;Side projects,C#/.Net;PHP
At work;Side projects,C#/.Net
At work;Side projects,Ruby;PHP
At work;Side projects,
At work;Side projects,
At work;Side projects,PHP
At work;Side projects,Ruby
At work,Perl
Side projects,C/C++/Objective-C;Python;Java;PHP
At work,
At work,C/C++/Objective-C
At work;Side projects,PHP
At work;Side projects,C/C++/Objective-C;C#/.Net
At work;Side projects,Python
At work;Side projects,C/C++/Objective-C
At work,C#/.Net
At work;Side projects,PHP
At work;Side projects,C#/.Net
At work;Side projects,Java;PHP
At work;Side projects,C/C++/Objective-C;C#/.Net;Python;Java;Ruby;Erlang;Scala;PHP
At work;Side projects,Python;Ruby;PHP
At work;Side projects,Perl
At work;Side projects,Java
At work;Side projects,Ruby
At work;Side projects,Java
At work,PHP
At work;Side projects,C/C++/Objective-C;C#/.Net
At work;Side projects,C/C++/Objective-C;C#/.Net
At work;Side projects,Python;PHP
At work;Side projects,Ruby;Clojure
At work;Side projects,Java
At work;Side projects,PHP
At work;Side projects,C#/.Net;Ruby
At work;Side projects,
At work;Side projects,PHP
At work;Side projects,PHP
At work;Side projects,Ruby
At work;Side projects,PHP
At work;Side projects,
At work;Side projects,
At work;Side projects,C#/.Net;Java
At work,C/C++/Objective-C
At work,Perl
At work;Side projects,PHP
Side projects,
At work;Side projects,C/C++/Objective-C;C#/.Net;Python;Java;PHP
Side projects,Java
At work,Java
At work;Side projects,Ruby
At work;Side projects,C/C++/Objective-C;Java
At work;Side projects,PHP
At work;Side projects,Ruby;PHP
At work;Side projects,C/C++/Objective-C;Java;Perl;PHP
At work;Side projects,C/C++/Objective-C;Java;PHP
Side projects,C/C++/Objective-C;Java
At work,Java
At work;Side projects,C/C++/Objective-C;Java
Side projects,C/C++/Objective-C
At work;Side projects,PHP
Side projects,C/C++/Objective-C;Python
At work;Side projects,PHP
At work;Side projects,Python;PHP;VBA
Side projects,C/C++/Objective-C;Python;Clojure;Hy
At work;Side projects,Java
,PHP;tcl
At work,
At work;Side projects,Python;Java
At work,C/C++/Objective-C;PHP;AS3
At work,C#/.Net;Erlang;rust
At work;Side projects,Python
At work;Side projects,
At work;Side projects,Java
At work;Side projects,PHP
At work;Side projects,Java;Ruby;PHP
At work;Side projects,C#/.Net;Java;lotusscript
At work;Side projects,C#/.Net
At work,Ruby;PHP
At work;Side projects,Ruby
At work;Side projects,Python
At work,Ruby;PHP
At work;Side projects,Python;PHP
Diploma thesis,C#/.Net;Java;PHP
At work;Side projects,Ruby;PHP;Coldfusion
At work;Side projects,Ruby
At work;Side projects,Java;Ruby;PHP
At work;Side projects,Java;Go;PHP
At work,C#/.Net;PHP
At work;Side projects,Go;PHP
At work;Side projects,Java
At work;Side projects,Python
At work;Side projects,PHP
At work;Side projects,Ruby
At work;Side projects,Ruby;PHP
At work;Side projects,Java;PHP
At work;Side projects,Ruby
At work;Side projects,C/C++/Objective-C;Python;Ruby
At work;Side projects,C#/.Net
At work;Side projects,Java
At work;Side projects,Ruby;PHP
At work,C#/.Net
At work;Side projects,PHP
At work;Side projects,
,
At work;Side projects,Java;Ruby
At work;Side projects,C#/.Net
At work;Side projects,Ruby;PHP
At work,
Side projects,
Side projects,
At work;Side projects,C/C++/Objective-C;Ruby;PHP
At work,
At work;Side projects,C#/.Net;PHP;VBA 
At work,Java
At work;Side projects,Python
At work;Side projects,Python;PHP
At work;Side projects,PHP
At work,Python
At work;Side projects,Python
At work;Side projects,Python
At work;Side projects,C#/.Net
At work;Side projects,Java
At work;Side projects,Python;Go
At work;Side projects,
At work;Side projects,
At work;Side projects,Python;PHP
At work,C#/.Net
At work;Side projects,C/C++/Objective-C;Python;PHP
At work;Side projects,Java;PHP;Groovy
At work;Side projects,C/C++/Objective-C;Python;Java
At work,
At work;Side projects,C#/.Net
At work;Side projects,PHP
At work;Side projects,C/C++/Objective-C
At work;Side projects,Ruby;PHP
At work;Side projects,
At work,ActionScript
At work,C#/.Net
At work;Side projects,C/C++/Objective-C
At work;Side projects,C#/.Net
At work;Side projects,C#/.Net;Java
At work;Side projects,C#/.Net;Java
Side projects,Python
At work,PHP
At work,Java;Scala;PHP
At work;Side projects,C/C++/Objective-C;C#/.Net;Java
At work;Side projects,C#/.Net;Python;PHP
At work,Ruby;PHP
At work,
At work;Side projects,PHP
At work;Side projects,PHP
At work,Ruby
,C#/.Net;Java
At work;Side projects,Perl
At work,PHP
At work;Side projects,
At work;Side projects,PHP
At work;Side projects,PHP
At work;Side projects,C/C++/Objective-C;Java;PHP
At work;Side projects,Java
At work,Ruby;PHP
At work;Side projects,Java
At work,NSIS
At work;Side projects,C#/.Net;Lisp;Perl
Side projects,
At work;Side projects,PHP
At work;Side projects,Python;PHP
At work;Side projects,C#/.Net;Java
At work,Actionscript
At work;Side projects,C#/.Net
At work;Side projects,PHP
At work;Side projects,Java;PHP
At work;Side projects,PHP
At work;Side projects,Java
At work;Side projects,C/C++/Objective-C
At work;Side projects,
At work;Side projects,PHP
At work,
At work;Side projects,Ruby;PHP
At work;Side projects,C/C++/Objective-C;Java
At work;Side projects,C/C++/Objective-C;PHP
At work;Side projects,C/C++/Objective-C;Ruby;Elixir
At work,C#/.Net
At work;Side projects,C/C++/Objective-C;Java
At work,C#/.Net
,Ruby;PHP
At work,PHP
At work,Java
At work;Side projects,PHP
Side projects,Python;Ruby;PHP
At work;Side projects,PHP
At work;Side projects,Java;Perl;PHP
At work;Side projects,Java;PHP
At work,C#/.Net
At work,C#/.Net
At work;Side projects,C/C++/Objective-C;PHP
At work,Python
At work,C#/.Net
,Java
At work;Side projects,
At work;Side projects,C#/.Net
At work;Side projects,
At work;Side projects,Java;Ruby;PHP
At work;Side projects,C#/.Net
At work;Side projects,C#/.Net
At work,C#/.Net
At work,
At work;Side projects,C#/.Net
At work,C#/.Net
At work,C#/.Net
At work,
At work,Java
At work;Side projects,Ruby
At work;Side projects,Java;PHP
At work;Side projects,HTML & CSS :)
At work;Side projects,PHP
At work;Side projects,Ruby;PHP
At work,C/C++/Objective-C;Python;Java;Erlang;Perl
At work;Side projects,C#/.Net
At work;Side projects,Python;Java;Scala
At work;Side projects,Java;PHP
At work;Side projects,C/C++/Objective-C;C#/.Net
At work;Side projects,C/C++/Objective-C;Java;Groovy
At work;Side projects,
At work,C#/.Net
At work;Side projects,C#/.Net
At work,C#/.Net
At work;Side projects,
At work;Side projects,C/C++/Objective-C;Java
At work,C/C++/Objective-C;C#/.Net
At work,C#/.Net
At work,C#/.Net
At work,Java
At work,Python;Java;PHP
At work;Side projects,
At work;Side projects,Python;PHP
At work,C#/.Net;PHP
At work;Side projects,
At work;Side projects,Python
At work;Side projects,C#/.Net
At work;Side projects,Java
At work;Side projects,C#/.Net
At work;Side projects,C#/.Net
At work;Side projects,C#/.Net;Ruby
At work;Side projects,C/C++/Objective-C;C#/.Net;Python;Java
At work;Side projects,C#/.Net
At work;Side projects,C#/.Net
At work;Side projects,C#/.Net
At work;Side projects,C#/.Net
Side projects,C#/.Net
At work;Side projects,
At work,C#/.Net
At work,C#/.Net
At work;Side projects,Python;Java
Side projects,C/C++/Objective-C;Python;Ruby;Perl;PHP
At work,C#/.Net
At work;Side projects,Java
At work;Side projects,Java;Ruby;PHP
At work;Side projects,Scala;Perl
At work,C#/.Net
At work;Side projects,
At work;Side projects,
At work,C#/.Net;Java
At work,
At work;Side projects,
At work;Side projects,C#/.Net
At work;Side projects,Ruby
At work;Side projects,Perl
At work;Side projects,
At work;Side projects,PHP
At work;Side projects,C#/.Net
At work,C/C++/Objective-C;C#/.Net;Ruby
At work;Side projects,Python;PHP
Side projects,C#/.Net
At work;Side projects,Python;Ruby;PHP
At work;Side projects,C/C++/Objective-C;Python;Ruby;PHP
At work;Side projects,Ruby;PHP
At work,C#/.Net
At work;Side projects,C#/.Net
At work;Side projects,Java;Scala;PHP
At work;Side projects,C#/.Net
At work,
At work,PHP
,C#/.Net
At work,C#/.Net
At work;Side projects,PHP
At work,C#/.Net
Side projects,C#/.Net
At work;Side projects,C#/.Net
At work;Side projects,PHP
At work,C/C++/Objective-C;C#/.Net
At work;Side projects,PHP
At work,C/C++/Objective-C;Python;Java;Ruby;Perl;PHP
At work;Side projects,Python;Java;Perl;PHP
At work;Side projects,Ruby;Scala
At work,
At work,C/C++/Objective-C;Java;PHP
At work;Side projects,PHP
At work;Side projects,C#/.Net;PHP
At work;Side projects,PHP
At work;Side projects,PHP
At work,Java
At work;Side projects,Java;PHP;Groovy
At work;Side projects,C#/.Net
At work,C#/.Net
At work;Side projects,C/C++/Objective-C
At work;Side projects,Java;Perl
At work;Side projects,Python;PHP
At work;Side projects,C/C++/Objective-C;Java
At work,Java;PHP
,
At work;Side projects,PHP
At work;Side projects,C/C++/Objective-C;Python;Java;Ruby;PHP
At work,C/C++/Objective-C;Python;Java;PHP
At work;Side projects,C/C++/Objective-C;PHP
At work;Side projects,Python
At work;Side projects,PHP
At work;Side projects,PHP
At work;Side projects,javascript
At work;Side projects,PHP
At work;Side projects,Ruby;PHP
At work,Java
At work;Side projects,C/C++/Objective-C;C#/.Net;Java
At work;Side projects,Java
At work;Side projects,PHP
Side projects,Python;Ruby
At work;Side projects,Ruby
At work,Python
At work,C#/.Net;Java;PHP
,
At work;Side projects,C#/.Net
At work;Side projects,C#/.Net;PHP
At work;Side projects,C#/.Net
At work;Side projects,Java
At work;Side projects,C/C++/Objective-C;Java;D
At work,PHP
At work,C/C++/Objective-C;C#/.Net;Ruby
At work,Python
At work,Java
At work;Side projects;Teaching,"Python;Java;PHP;HTML, CSS. JSON"
At work,Java
At work;Side projects,
At work;Side projects,C#/.Net
At work;Side projects,
At work;Side projects,Python;PHP
At work,Ruby
At work,Ruby;Go
At work;Side projects,Python;PHP
At work;Side projects,C/C++/Objective-C;C#/.Net;Java
At work;Side projects,PHP
At work;Side projects,C#/.Net
At work;Side projects,Ruby;PHP
At work;Side projects,C#/.Net
At work;Side projects,Perl;PHP
At work;Side projects,C#/.Net
At work;Side projects,C/C++/Objective-C;C#/.Net
At work;Side projects,PHP
At work;Side projects,C#/.Net
At work;Side projects,actionscript
At work,C/C++/Objective-C;C#/.Net;PHP
Side projects,Ruby
At work;Side projects,Python
At work;Side projects,Java;Ruby
At work;Side projects,Python
At work;Side projects,Python;Java
At work;Side projects,C#/.Net
At work;Side projects,C/C++/Objective-C;C#/.Net;Python;PHP
At work;Side projects,Java
At work;Side projects,Java;Ruby
At work;Side projects,C#/.Net;Python
At work;Side projects,C/C++/Objective-C;Java;PHP
At work;Side projects,C/C++/Objective-C;C#/.Net
At work;Side projects,C#/.Net
At work;Side projects,C#/.Net;PHP
At work;Side projects,C/C++/Objective-C
At work;Side projects,Python;Java;PHP
At work;Side projects,Ruby;PHP
At work;Side projects,C#/.Net;Java;Ruby
At work;Side projects,C#/.Net
At work,PHP
At work;Side projects,PHP
At work;Side projects,C#/.Net;Ruby
At work;Side projects,C#/.Net;PHP
At work;Side projects,C#/.Net
At work;Side projects,PHP
Side projects,Java
At work;Side projects,C/C++/Objective-C;Ruby
At work,C/C++/Objective-C;C#/.Net
At work;Side projects,Java;PHP
At work;Side projects,PHP
At work;Side projects,Java;PHP
At work;Side projects,C#/.Net;Python
At work;Side projects,Perl;PHP
Side projects,Java;Ruby;Scala;Perl
At work;Side projects,C#/.Net;Java
At work;Side projects,C#/.Net
At work,C#/.Net;Java
At work,C#/.Net
At work;Side projects,Python;Ruby;PHP
At work;Side projects,PHP
At work,C#/.Net;Java
At work;Side projects,C/C++/Objective-C;Python;Java;Lisp;PHP
At work;Side projects,PHP
At work;Side projects,Java;PHP
At work;Side projects,C#/.Net
At work;Side projects,C#/.Net
At work;Side projects,C#/.Net
At work;Side projects,
At work;Side projects,PHP
At work;Side projects,PHP
At work;Side projects,C#/.Net
,C/C++/Objective-C
At work;Side projects,C#/.Net
At work,C#/.Net
At work,Java
At work,C#/.Net
At work;Side projects,Ruby
At work;Side projects,Java
At work;Side projects,Ruby;Clojure
At work;Side projects,Python
At work;Side projects,Ruby;Clojure
At work;Side projects,Python;ColdFusion
At work;Side projects,C#/.Net
At work;Side projects,C#/.Net;PHP
At work;Side projects,PHP
At work;Side projects,C#/.Net;Python;Ruby;PHP
At work;Side projects,Java;PHP;Action Script 3
At work;Side projects,Ruby
At work;Side projects,Python
At work;Side projects,PHP
At work;Side projects,
At work,Ruby
At work;Side projects,C#/.Net
At work;Side projects,C#/.Net;Ruby;PHP
At work;Side projects,C/C++/Objective-C;Python;Java
At work;Side projects,Python;Java
At work;Side projects,C#/.Net
At work;Side projects,Java;PHP
At work;Side projects,C#/.Net
At work;Side projects,C#/.Net;Java;Scala
At work;Side projects,Python;Ruby;PHP
At work;Side projects,Ruby
At work;Side projects,C#/.Net
At work;Side projects,PHP
At work;Side projects,PHP
At work;Side projects,C/C++/Objective-C;Ruby
At work;Side projects,PHP
At work;Side projects,Ruby
At work;Side projects,C/C++/Objective-C;C#/.Net;Java;PHP
At work,C#/.Net
At work,C#/.Net
At work;Side projects,Python;Go
At work;Side projects,C#/.Net;PHP
Side projects,PHP
At work;Side projects,Java
At work;Side projects,
At work,C#/.Net
At work;Side projects,C#/.Net
At work,C/C++/Objective-C;Java
At work;Side projects,C#/.Net;Java
At work,C#/.Net
At work;Side projects,coldfusion
At work;Side projects,C#/.Net;Java;PHP
At work;Side projects,Java
At work,PHP
At work;Side projects,C#/.Net
At work;Side projects,
At work,PHP;VB.NET
At work;Side projects,PHP
At work;Side projects,Ruby
At work;Side projects,C#/.Net
At work,Ruby
At work;Side projects,C/C++/Objective-C;Ruby
,
At work;Side projects,Ruby
At work,C#/.Net
At work;Side projects,C#/.Net
At work,C#/.Net
At work;Side projects,Html/css
At work;Side projects,C/C++/Objective-C;Python;PHP
At work;Side projects,C#/.Net;Java;Ruby
At work;Side projects,Java;PHP
At work;Side projects,C#/.Net
Side projects,C/C++/Objective-C;C#/.Net;Python;Java;Ruby;PHP
At work;Side projects,Ruby
At work;Side projects,Python;Go
At work,Java
At work,Python
At work;Side projects,Ruby
At work;Side projects,Java;Perl
At work;Side projects,C/C++/Objective-C;Go
At work;Side projects,ColdFusion
At work;Side projects,C/C++/Objective-C;Python
At work,
At work;Side projects,Python;Java;PHP
At work;Side projects,C#/.Net
At work;Side projects,PHP;ColdFusion
At work;Side projects,C#/.Net;Java
At work;Side projects,PHP
At work;Side projects,Python;Java
At work;Side projects;college project,C/C++/Objective-C;Java;PHP
At work;Side projects,C#/.Net
At work;Side projects,C/C++/Objective-C;PHP
At work;Side projects,Java
At work;Side projects,
At work;Side projects,C#/.Net;Java;PHP
At work;Side projects,
At work;Side projects,C#/.Net
At work,C/C++/Objective-C;Python;Java;PHP
At work,Java;Scala
At work,C#/.Net
At work;Side projects,C#/.Net;PHP
At work;Side projects,C#/.Net
At work;Side projects,C/C++/Objective-C;Ruby
At work;Side projects,C/C++/Objective-C;Ruby
At work;Side projects,C#/.Net;Java;PHP
At work;Side projects,Python;Ruby
At work;Side projects,C#/.Net
At work;Side projects,Python;HTML CSS
At work;Side projects,Python;Ruby;PHP
At work;Side projects,Ruby;Clojure
At work;Side projects,PHP
,PHP
At work;Side projects,Java;Scala
At work;Side projects,C/C++/Objective-C;Python
At work;Side projects,Python;PHP
At work;Side projects,
At work;Side projects,PHP
At work;Side projects,Python;Java
At work;Side projects,C#/.Net
At work,C/C++/Objective-C;Java
At work,C/C++/Objective-C;C#/.Net
At work;Side projects,Ruby
At work;Side projects;For fun,Groovy
At work;Side projects,C#/.Net
At work;Side projects,PHP
At work;Side projects,CFML
Side projects,
At work;Side projects,C#/.Net
At work;Side projects,Python;Lisp;PHP
At work;Side projects,Python;Ruby;PHP
At work;Side projects,
At work;Side projects,C/C++/Objective-C;Python;Java;Ruby;PHP
At work,C/C++/Objective-C;Java
,C#/.Net;Python
At work;Side projects,Python
At work;Side projects,PHP
At work,C/C++/Objective-C;Python;PHP
At work,
At work;Side projects,
At work,4D
At work,Python
At work;Side projects,C/C++/Objective-C;C#/.Net
At work,Python
At work;Side projects,C#/.Net;PHP
At work;Side projects,C#/.Net
At work;Side projects,PHP
At work;Side projects,Java
At work;Side projects,Ruby;PHP
At work;Side projects,PHP
At work;Side projects,C#/.Net
Side projects,Python;Java
At work,C/C++/Objective-C;Ruby
At work;Side projects,Java
At work;Side projects,PHP
At work;Side projects,Python
At work;Side projects,C#/.Net;Ruby
At work;Side projects,C#/.Net
At work;Side projects,C/C++/Objective-C
At work,C#/.Net
At work,Java
At work;Side projects,Java;PHP;bash
At work,PHP
At work;Side projects,C#/.Net
At work;Side projects,Ruby;PHP
At work;Side projects,Java
Side projects,C/C++/Objective-C;C#/.Net;Java
At work;Side projects,C#/.Net
At work;Side projects,PHP
At work;Side projects,Python;Ruby;PHP
At work;Side projects,PHP
At work;Side projects,C#/.Net;Ruby
At work;Side projects,C#/.Net;Ruby
Side projects,Ruby;PHP
At work;Side projects,C#/.Net;APL
At work,Java
At work,C#/.Net
At work;Side projects,PHP
,C#/.Net
At work,C#/.Net
Side projects,Ruby
At work;Side projects,PHP
At work;Side projects,PHP
At work;Side projects,Java
At work;Side projects,C#/.Net
At work;Side projects,C#/.Net
At work,PHP
At work;Side projects,C/C++/Objective-C;Python;Java;Perl
,PHP;plsql
At work;Side projects,Python;Java;Ruby;PHP
At work;Side projects,Ruby
At work;Side projects,Java
,C/C++/Objective-C;C#/.Net
Side projects,C/C++/Objective-C;Python
At work;Side projects,C#/.Net
At work;Side projects,C#/.Net
At work;Side projects,C#/.Net;Go
At work;Side projects,C#/.Net
At work;Side projects,C#/.Net
At work;Side projects,C#/.Net
At work;Side projects,C#/.Net
At work;Side projects,C#/.Net;Java;PHP
At work;Side projects,PHP
At work;Side projects,PHP
At work;Side projects;Home,C/C++/Objective-C;PHP
At work,C#/.Net
At work,C#/.Net
At work;Side projects,C#/.Net
At work,C#/.Net
At work;Side projects,C/C++/Objective-C;C#/.Net
At work,C/C++/Objective-C;Java;PHP
At work;Side projects,C/C++/Objective-C;C#/.Net
At work;Side projects,C/C++/Objective-C;C#/.Net;Java;PHP
At work;Side projects,C/C++/Objective-C;Ruby
At work,C#/.Net
At work,C/C++/Objective-C;C#/.Net
At work,Java
At work,
At work,
At work;Side projects,Python;PHP
At work;Side projects,PHP
Side projects,C#/.Net;PHP
At work;Side projects,C#/.Net
At work;Side projects,PHP
At work;Side projects,C#/.Net
At work;Side projects,C#/.Net
At work,C/C++/Objective-C;C#/.Net
At work;Side projects,C#/.Net
At work;Side projects,C#/.Net
At work;Side projects,C#/.Net
At work,C#/.Net
At work;Side projects,Ruby;PHP
At work,C#/.Net
At work,Ruby
At work;Side projects,C#/.Net
At work,
At work;Side projects,Ruby
At work;Side projects,PHP
At work,Java;PHP
At work;Side projects,C#/.Net
At work;Side projects,Python
At work;Side projects,C#/.Net
At work;Side projects,PHP
At work,C/C++/Objective-C;PHP
At work;Side projects,Ruby
At work;Side projects,
At work;Side projects,C#/.Net
At work;Side projects,C#/.Net
At work;Side projects,ColdFusion
At work,C/C++/Objective-C;Java
At work;Side projects,C/C++/Objective-C;C#/.Net
At work,Java
At work;Side projects,Java
At work;Side projects,C#/.Net;Python;PHP
At work,Java
Side projects,PHP
At work,C#/.Net;Java
At work,C#/.Net
At work,C/C++/Objective-C;Java;Perl
At work;Side projects,C/C++/Objective-C;C#/.Net;Java;Perl;PHP
At work;Side projects,PHP
At work,
At work;Side projects,Ruby;Erlang
At work;Side projects,Java;Perl
At work;Side projects,
At work;Side projects,C#/.Net
At work;Side projects,C#/.Net
At work;Side projects,C#/.Net
At work,PHP
At work;Side projects,Python;Java
At work;Side projects,Ruby
At work;Side projects,C#/.Net;Python;Java;Ruby;Clojure;Go;Scala
At work,Python;Java
At work;Side projects,Ruby
At work;Side projects,C#/.Net
At work;Side projects,C/C++/Objective-C;C#/.Net
At work;Side projects,"Delphi,Bash"
At work;Side projects,C#/.Net
Side projects,Python
At work,C#/.Net;PHP
Side projects,C#/.Net;Ruby
At work;Side projects,Html/css
At work;Side projects,Python;Lisp
At work;Side projects,C#/.Net;Python;Java;PHP
At work;Side projects,C/C++/Objective-C;C#/.Net;Perl;PHP
At work;Side projects,C#/.Net
At work,C#/.Net;Java
At work;Side projects,C/C++/Objective-C;Java;PHP
At work,C#/.Net;T-SQL
At work;Side projects,C#/.Net
At work,C#/.Net
At work,HTML
At work;Side projects,PHP
At work;Side projects,C#/.Net
At work;Side projects,Ruby
At work;Side projects,Python;PHP
At work,Java
At work;Side projects;Contracting,C#/.Net;PHP
At work;Side projects,C/C++/Objective-C;C#/.Net
At work;Side projects,Java;Perl;PHP
At work,C#/.Net
At work;Side projects,C#/.Net;PHP
At work;Side projects,Ruby;Perl;PHP
At work;Side projects,PHP
At work;Side projects,PHP
At work;Side projects,C#/.Net;PHP
Side projects,Python;PHP
At work,Python;Go;Scala
At work;Side projects,C#/.Net
At work;Side projects,C/C++/Objective-C
At work,Python;Go
At work;Side projects,
At work;Side projects,Ruby;PHP
At work;Side projects,PHP
At work;Side projects,Python
At work;Side projects,C/C++/Objective-C;Python;Java;Ruby
At work;Side projects,C#/.Net
At work,C#/.Net
At work,C/C++/Objective-C;C#/.Net
Side projects,Python;Ruby;PHP
At work;Side projects,PHP
At work,C/C++/Objective-C;C#/.Net;Java
At work;Side projects,Java;Ruby;Scala
At work;Side projects,C#/.Net
At work;Side projects,C#/.Net
At work;Side projects,PHP
At work;Side projects,C#/.Net
At work;Side projects,C#/.Net
At work;Side projects,PHP
At work,C#/.Net;PHP
,C/C++/Objective-C;C#/.Net;Python
At work;Side projects,C/C++/Objective-C;C#/.Net;Java;PHP
At work,C#/.Net
At work,Ruby
At work;Side projects,Java;PHP
At work;Side projects,PHP
At work;Side projects,C#/.Net;Python;Ruby
At work;Side projects,C#/.Net
At work;Side projects,Java
At work;Side projects,Ruby
At work;Side projects,C/C++/Objective-C;Python;Java;Ruby;Mirah
At work;Side projects,Python;PHP
At work;Side projects,Java;PHP
At work;Side projects,Ruby
At work;Side projects,C/C++/Objective-C;PHP
At work,C/C++/Objective-C;C#/.Net
At work;Side projects,
At work,C#/.Net
At work;Side projects,C/C++/Objective-C;C#/.Net;Java
,C#/.Net
At work;Side projects,Ruby
At work,C#/.Net;Java
At work;Side projects,C#/.Net;Java;Ruby
At work;Side projects,C/C++/Objective-C;Python
At work,C#/.Net
At work;Side projects,
At work;Side projects,PHP
At work;Side projects,C/C++/Objective-C;C#/.Net;Java;PHP
At work;Side projects,Python;Java;Ruby
At work;Side projects,Ruby
At work;Side projects,C#/.Net
,
At work,PHP
At work;Side projects,C#/.Net
At work,PHP
At work;Side projects,C/C++/Objective-C;Ruby
At work,C#/.Net;Python;PHP
At work,C/C++/Objective-C;C#/.Net
At work,C/C++/Objective-C;C#/.Net
At work;Side projects,C#/.Net
At work;Side projects,Ruby
At work,C/C++/Objective-C;PHP
At work;Side projects,
At work;Side projects,
At work;Side projects,C#/.Net
At work;Side projects,Python
At work,C#/.Net
At work;Side projects,Java;Ruby;PHP
At work;Side projects,C#/.Net
At work,Java
At work,Java
At work;Side projects,C/C++/Objective-C;Java;Ruby;Scala;PHP
At work,Python;Clojure;Go
,
At work;Side projects,C#/.Net
At work;Side projects,PHP
At work,C#/.Net;PHP
At work;Side projects,Java;Scala
At work;Side projects,
Private,C/C++/Objective-C;C#/.Net
At work,C/C++/Objective-C;C#/.Net
At work;Side projects,C/C++/Objective-C;Java;Ruby;PHP
Side projects,C/C++/Objective-C;C#/.Net;Java
At work;Side projects,C#/.Net
At work;Side projects,
At work;Side projects,PHP
At work;Side projects,Java;Ruby
Side projects,C/C++/Objective-C;Java
At work;Side projects,C#/.Net
At work,Perl
At work;Side projects,
At work;Side projects,
Side projects,C/C++/Objective-C
At work,Java;PHP
At work;Side projects,
At work;Side projects,Python;Java;PHP
At work,C#/.Net
At work;Side projects,Ruby;PHP
At work;Side projects,Perl
At work,C/C++/Objective-C;C#/.Net;PHP
At work,C/C++/Objective-C;Python;Java
At work;Side projects,VB
At work,PHP
At work;Side projects,
At work;Side projects,C#/.Net;Java;PHP
At work;Side projects,Java
At work;Side projects,
At work;Side projects,Java;PHP
Side projects,C/C++/Objective-C;C#/.Net;Python;Go;PHP
At work;Side projects,C#/.Net
At work,C#/.Net
At work;Side projects,PHP
At work;Side projects,Java;PHP
,
At work;Side projects,C/C++/Objective-C;Java;PHP
At work;Side projects,C#/.Net
At work;Side projects,Python;PHP
At work;Side projects,Ruby
At work;Side projects,Java;Ruby
At work;Side projects,PHP
At work,C/C++/Objective-C;Python;Java
At work;Side projects,Java;PHP;bash
At work;Side projects,You don't even want to know
At work;Side projects,Ruby
At work;Side projects,C/C++/Objective-C;C#/.Net;Ruby
At work;Side projects;Taking a shit,Java;Apex
Side projects,C#/.Net
At work;Side projects,C#/.Net
At work,C#/.Net
At work;Side projects,PHP
At work,C#/.Net
At work,
At work;Side projects,C#/.Net
At work;Side projects,C#/.Net;Java;PHP
At work;Side projects,Ruby
At work,C/C++/Objective-C;C#/.Net
At work;Side projects,C#/.Net
At work,Java
At work,C#/.Net
At work;Side projects,C/C++/Objective-C;C#/.Net;Ruby
At work;Side projects,Python;Java
At work;Side projects,C/C++/Objective-C;C#/.Net
At work;Side projects,Python
At work,C#/.Net;Ruby
At work;Side projects,4d
At work;Side projects,C#/.Net;Python
At work;Side projects,PHP
At work;Side projects,C#/.Net;Java;Perl;PHP
At work;Side projects,Java;Ruby
At work;Side projects,Python;Erlang;Perl;PHP
Side projects,C/C++/Objective-C;C#/.Net;Python
At work;Side projects,PHP
At work;Side projects,PHP
At work;Side projects,PHP
At work;Side projects,Python;Java
At work;Side projects,C#/.Net
At work;Side projects;home automation,C#/.Net
At work;Side projects,PHP
At work,C#/.Net
At work;Side projects,C/C++/Objective-C;C#/.Net
At work;Side projects,C/C++/Objective-C;C#/.Net
At work,PHP
At work;Side projects,C/C++/Objective-C;Java;Ruby;Go;PHP
At work;Side projects,Python;Java;PHP
At work;Side projects,C/C++/Objective-C;Python;Java;Ruby;Perl;PHP
At work;Side projects,C#/.Net;Python
At work;Side projects,Python;Clojure
At work;Side projects,C#/.Net
At work;Side projects,C#/.Net;PHP
At work;Side projects,Python;PHP
At work,Ruby;PHP
At work;Side projects,C/C++/Objective-C
At work;Side projects,PHP
At work;Side projects,C#/.Net
At work;Side projects,PHP
At work;Side projects,PHP
At work;Side projects,Ruby
At work,
At work;Side projects,C#/.Net
At work,PHP
At work;Side projects,Python
At work,
At work,PHP
At work;Side projects,PHP
At work;Side projects,Ruby;PHP
At work;Side projects,
At work;Side projects,C#/.Net;Ruby;PHP
At work;Side projects,C/C++/Objective-C;Python;Java
Side projects,C/C++/Objective-C;C#/.Net;PHP
At work,
At work,PHP
At work;Side projects,C/C++/Objective-C;Python;Java;PHP
At work;Side projects,C/C++/Objective-C;PHP
At work,Python;PHP
Side projects,PHP
At work,C/C++/Objective-C;PHP
At work;Side projects,PHP
At work;Side projects,C/C++/Objective-C;PHP
At work;Side projects,C#/.Net
At work;Side projects,C/C++/Objective-C;PHP
At work,C#/.Net
At work;Side projects,Java
,Python
At work;Side projects,PHP
At work;Side projects,C/C++/Objective-C;Java;PHP
At work;Side projects,Python;PHP
At work;Side projects,C#/.Net
At work,C#/.Net;PHP
At work;Side projects,PHP
At work;Side projects,PHP
,C#/.Net
At work;Side projects,Java;Ruby
At work;Side projects,Java
Side projects,C#/.Net;Python
At work;Side projects,C#/.Net;Ruby;PHP
Side projects,C/C++/Objective-C
At work,C#/.Net;Java;PHP
,Python;Java
Side projects,C/C++/Objective-C;Java;PHP
At work,Java
At work;Side projects,Java
At work;Side projects,Python;PHP
At work,C/C++/Objective-C;Python;Java;Scala
At work;Side projects,Python
At work;Side projects,C/C++/Objective-C;C#/.Net;Perl;PHP
At work,C#/.Net
At work;Side projects,C/C++/Objective-C;Java
At work;Side projects,
At work,PHP
At work;Side projects,C#/.Net
At work,C#/.Net
At work;Side projects,Java;Ruby
At work,Python;Java;Go;Scala;PHP
At work;Side projects,PHP
At work;Side projects,Python
At work,C#/.Net
At work,C#/.Net
At work,Ruby;PHP
At work;Side projects,Python;Ruby
At work,PHP;as3
At work,Ruby;PHP
At work;Side projects,Ruby;PHP
At work;Side projects,C/C++/Objective-C;Java;Ruby
At work;Side projects,C#/.Net
At work;Side projects,Clojure;Go
At work;Side projects,C#/.Net
At work;Side projects,PHP
At work,C#/.Net;Java;PHP
At work,C#/.Net
Side projects,C/C++/Objective-C;C#/.Net;Ruby;Lisp;Erlang;Scala;PHP
At work;Side projects,Java;PHP
At work;Side projects,C/C++/Objective-C;Java;PHP
At work;Side projects,
At work;Side projects,Ruby;PHP
Side projects,C/C++/Objective-C;Python;Ruby;Lisp;Go;Perl;PHP
Side projects,C/C++/Objective-C;Perl;PHP
At work;Side projects,
At work;Side projects,C#/.Net
At work,PHP
At work;Side projects,C#/.Net
At work,C#/.Net
At work;Side projects,Java
At work,
At work,C/C++/Objective-C;Python;Java
At work;Side projects,C#/.Net;ColdFusion
At work;Side projects,Python;Java;PHP
Side projects;Hobby,C/C++/Objective-C
At work,C#/.Net;Java
At work;Side projects,C#/.Net
At work;Side projects,PHP
At work;Side projects,PHP
At work;Side projects,C/C++/Objective-C;C#/.Net;Java
At work;Side projects,Java;Ruby
At work,Java
At work,C#/.Net;Java
At work;Side projects,Python;Ruby;PHP
At work,
At work,
At work,C#/.Net
At work;Side projects,PHP
At work,Python;PHP
At work;Side projects,C#/.Net
At work;Side projects,Java;Ruby;PHP
At work;Side projects,PHP
At work;Side projects,C#/.Net
At work;Side projects,Python
Side projects,Java
At work,Python;PHP
At work;Side projects,PHP
At work;Side projects,PHP
At work;Side projects,
At work,C#/.Net
At work,PHP
At work,C#/.Net;PHP
At work,Java
At work;Side projects,C#/.Net
At work,Python;PHP
At work;Side projects,Perl
At work,Python;Java
At work;Side projects,C#/.Net;PHP
At work,C#/.Net;Python
Side projects,PHP
At work;Side projects,C/C++/Objective-C;C#/.Net;PHP
At work;Side projects,PHP
Side projects,C#/.Net
At work;Side projects,PHP
At work;Side projects,C#/.Net
At work;Side projects,Java
Side projects,Java;Ruby;PHP
At work;Side projects,Python;PHP
At work;Side projects,C#/.Net
At work;Side projects,Ruby;PHP
At work;Side projects,
At work,C#/.Net
At work;Side projects,C/C++/Objective-C;C#/.Net;Perl;PHP
Side projects,C/C++/Objective-C
At work;Side projects,
At work;Side projects,C/C++/Objective-C;C#/.Net
At work;Side projects,C#/.Net;PHP
At work,
At work;Side projects,C#/.Net
At work,Java
At work;Side projects,Java
At work;Side projects,C#/.Net;Java
At work;Side projects,
At work;Side projects,PHP
At work;Side projects,PHP
At work;Side projects,PHP
At work,Java
At work,Java;PHP
At work;Side projects,Java
At work;Side projects,PHP
At work;Side projects,
At work;Side projects,ActionScript.  I'm so sorry.
At work,PHP
At work;Side projects,
At work;Side projects,Python;Java;PHP
At work;Side projects,Ruby;PHP
At work;Side projects,C#/.Net;Ruby;PHP
At work;Side projects,Java
At work,Java;PHP
At work;Side projects,PHP
At work;Side projects,C/C++/Objective-C;PHP
At work;Side projects,C/C++/Objective-C
At work;Side projects,PHP
At work;Side projects,
At work;Side projects,C/C++/Objective-C;Java
At work;Side projects,C#/.Net;Java;PHP
At work;Side projects,C/C++/Objective-C;Python
At work,Ruby
At work;Side projects,C#/.Net;Ruby
At work;Side projects,C/C++/Objective-C;Java;Ruby
At work,C#/.Net;PHP
At work;Side projects,C#/.Net
At work,
At work;Side projects,Java
At work,PHP
At work;Side projects,Scala
At work;Side projects,Perl;PHP
At work,Ruby
At work;Side projects,C#/.Net
At work,Java;PHP
At work;Side projects,Java;PHP
At work;Side projects,C#/.Net;Java;Go;Scala
At work;Side projects,PHP
At work,Java;Ruby
At work;Side projects,Python;Ruby;PHP
At work;Side projects,Python;PHP
At work;Side projects,Java;PHP
At work;Side projects,C#/.Net
Side projects,
At work;Side projects,PHP
At work;Side projects,PHP
At work;Side projects,C#/.Net;PHP
At work;Side projects,
At work;Side projects,C#/.Net
At work,PHP
At work;Side projects,Java
At work;Side projects,Lua
At work;Side projects,Ruby
At work;Side projects,PHP
At work;Side projects,Perl;PHP
At work;Side projects,C#/.Net;Scala;PHP
At work;Side projects,
At work;Side projects,Java;Ruby
At work;Side projects,
At work,C/C++/Objective-C
At work,C#/.Net;Python;Java;PHP
At work,C#/.Net
At work;Side projects,Java
At work;Side projects,C/C++/Objective-C;PHP
At work,Java
,
At work,PHP
At work,Java
At work;Side projects,
At work;Side projects,PHP
At work;Side projects,PHP
At work,Java;PHP
At work;Side projects,PHP
At work;Side projects,Ruby;PHP
At work,Python
At work,Python
At work;Side projects,Java;Erlang;Scala;PHP
At work;Side projects,Perl
At work;Side projects,Python
At work;Side projects,Java
At work;Side projects,Java;PHP
At work;Side projects,PHP
At work;Side projects,PHP;Cobol
At work,C#/.Net;PHP
At work;Side projects,
At work;Side projects,C/C++/Objective-C;Perl;PHP
At work;Side projects,Java;PHP
At work;Side projects,C/C++/Objective-C;Java
At work,Java;Ruby
At work;Side projects,Python
At work;Side projects;School,Perl
At work;Side projects,C#/.Net;Java;Ruby;PHP
At work,C#/.Net;PHP
At work;Side projects,Java
At work;Side projects,Java
At work;Side projects,PHP;Delphi
At work,Java;Scala;Perl
At work;Side projects,C/C++/Objective-C
At work,Java;Scala
At work,Java
At work;Side projects,
At work;Side projects,C#/.Net;PHP
At work;Side projects,PHP
At work;Side projects,Java;Perl
At work;Side projects,Coldfusion
At work;Side projects,C/C++/Objective-C
At work;Side projects,
At work,C/C++/Objective-C;PHP
At work;Side projects,Python;Java;PHP
At work;Side projects,C/C++/Objective-C;Python
At work;Side projects,C/C++/Objective-C;Perl;AppleScript
,PHP
At work;Side projects,C#/.Net
At work,PHP
At work;Side projects,C#/.Net;Python
At work,C#/.Net;Java
At work;Side projects,Python;Java
At work;Side projects,C/C++/Objective-C
At work;Side projects,C/C++/Objective-C;Ruby;Go
At work;Side projects,Python
At work,C#/.Net;Delphi
At work,C/C++/Objective-C;Python;PHP
At work,C/C++/Objective-C;Java
At work;Side projects,C#/.Net;Python
At work,
,Java;PHP
At work,C#/.Net
At work,Java
At work,
At work,C/C++/Objective-C;Python;Java
At work;Side projects,C/C++/Objective-C;PHP
At work;Side projects,C#/.Net;Python;Java
At work;Side projects,PHP
At work;Side projects,C#/.Net
At work,
At work;Side projects,
At work;Side projects,Java;Scala
At work,Java;Groovy
At work;Side projects,Ruby
At work;Side projects,Ruby;PHP
At work;Side projects,
At work;Side projects,C/C++/Objective-C;Java;PHP
At work;Side projects,Ruby
Side projects,C#/.Net;Ruby
At work;Side projects,Ruby
At work;Side projects,PHP
At work;Side projects,
At work;Side projects,
At work;blogger,C/C++/Objective-C;Java
At work;Side projects,C/C++/Objective-C;C#/.Net
Side projects,C/C++/Objective-C
At work;Side projects,C#/.Net
At work;Side projects,C#/.Net
